Region,Product,Units,UnitPrice,Revenue
East,Widget B,12,22.65,271.8
Central,Widget D,54,49.86,2692.44
North,Widget C,50,11.63,581.5
North,Widget B,75,36.47,2735.25
Central,Widget B,78,30.61,2387.58
South,Widget C,85,12.96,1101.6
North,Widget D,37,34.19,1265.03
South,Widget C,54,23.2,1252.8
South,Gadget X,92,13.19,1213.48
East,Gadget X,22,23.01,506.22
North,Widget A,62,15.02,931.24
West,Gadget X,54,13.27,716.58
North,Widget C,10,26.95,269.5
Central,Widget D,91,41.6,3785.6
South,Widget D,95,29.5,2802.5
West,Gadget X,39,14.01,546.39
North,Widget A,69,35.99,2483.31
East,Gadget X,51,17.59,897.09
East,Widget A,43,35.17,1512.31
West,Widget B,96,48.65,4670.4
East,Widget B,71,45.09,3201.39
West,Widget A,48,25.41,1219.68
West,Widget C,80,24.81,1984.8
South,Widget D,51,47.65,2430.15
East,Widget D,2,31.14,62.28
East,Gadget X,31,21.13,655.03
West,Widget A,76,17.17,1304.92
Central,Widget B,31,36.84,1142.04
Central,Gadget X,11,33.28,366.08
West,Widget C,83,10.12,839.96
East,Gadget X,25,43.24,1081.0
South,Widget A,1,47.39,47.39
South,Widget A,69,43.18,2979.42
West,Gadget X,61,46.72,2849.92
Central,Widget A,96,30.28,2906.88
East,Widget B,89,13.72,1221.08
North,Widget C,63,43.53,2742.39
North,Gadget X,51,32.51,1658.01
North,Widget B,45,42.43,1909.35
West,Widget C,3,13.89,41.67
North,Widget D,64,39.04,2498.56
South,Widget D,2,42.24,84.48
East,Widget D,23,18.05,415.15
North,Widget A,57,32.36,1844.52
North,Gadget X,9,15.95,143.55
Central,Widget A,58,32.35,1876.3
West,Widget D,75,37.41,2805.75
West,Widget A,79,16.25,1283.75
Central,Widget A,19,11.01,209.19
East,Widget B,41,10.2,418.2
Central,Widget A,9,23.19,208.71
Central,Widget C,3,16.04,48.12
Central,Widget C,3,23.78,71.34
South,Widget D,52,25.57,1329.64
South,Widget A,37,29.81,1102.97
East,Widget C,6,35.9,215.4
West,Widget A,12,12.67,152.04
North,Widget A,73,12.93,943.89
North,Widget C,18,44.97,809.46
South,Widget D,30,15.73,471.9
West,Gadget X,45,18.44,829.8
West,Widget B,16,29.53,472.48
West,Widget A,94,23.63,2221.22
South,Gadget X,58,17.98,1042.84
West,Widget A,40,24.45,978.0
Central,Widget A,28,11.07,309.96
North,Widget B,98,13.06,1279.88
Central,Widget B,62,25.26,1566.12
East,Widget B,48,42.86,2057.28
South,Gadget X,52,31.73,1649.96
East,Widget B,81,31.2,2527.2
Central,Gadget X,81,41.07,3326.67
West,Widget C,21,49.97,1049.37
South,Widget D,24,47.94,1150.56
East,Widget D,99,37.46,3708.54
West,Widget A,89,20.36,1812.04
North,Widget A,75,22.9,1717.5
East,Widget B,6,29.14,174.84
South,Widget C,22,22.05,485.1
North,Widget B,53,48.17,2553.01
West,Widget D,20,30.57,611.4
Central,Gadget X,6,25.18,151.08
East,Widget D,90,43.75,3937.5
West,Widget B,80,36.89,2951.2
North,Widget B,43,12.85,552.55
North,Gadget X,85,33.27,2827.95
South,Widget B,44,11.32,498.08
Central,Widget C,69,33.88,2337.72
West,Widget D,57,25.77,1468.89
Central,Widget D,31,29.26,907.06
South,Widget B,92,32.08,2951.36
South,Widget D,38,12.33,468.54
South,Widget B,48,15.53,745.44
West,Widget C,82,39.47,3236.54
North,Gadget X,68,25.45,1730.6
East,Widget A,24,10.83,259.92
South,Widget C,89,13.91,1237.99
South,Gadget X,35,41.6,1456.0
West,Widget D,18,15.82,284.76
Central,Widget B,15,49.12,736.8
West,Gadget X,84,10.84,910.56
North,Widget C,45,16.4,738.0
East,Widget B,78,44.83,3496.74
Central,Gadget X,63,22.29,1404.27
Central,Widget C,52,34.41,1789.32
West,Widget B,98,26.66,2612.68
North,Gadget X,22,34.25,753.5
Central,Widget B,19,48.41,919.79
Central,Widget C,65,38.24,2485.6
Central,Widget C,86,25.97,2233.42
West,Gadget X,6,37.0,222.0
West,Widget A,44,28.92,1272.48
South,Gadget X,89,36.72,3268.08
Central,Gadget X,38,47.95,1822.1
West,Gadget X,49,20.72,1015.28
East,Widget D,40,29.52,1180.8
South,Widget A,38,36.15,1373.7
East,Widget C,45,29.89,1345.05
Central,Widget C,89,47.32,4211.48
North,Widget B,32,18.77,600.64
Central,Widget B,47,13.55,636.85
North,Widget D,42,25.17,1057.14
Central,Widget B,39,18.56,723.84
East,Widget D,2,20.52,41.04
East,Widget B,35,18.56,649.6
Central,Widget A,45,12.18,548.1
East,Widget C,24,27.18,652.32
Central,Widget D,32,32.55,1041.6
North,Widget B,11,23.29,256.19
North,Widget D,50,36.43,1821.5
Central,Widget C,35,17.31,605.85
South,Widget D,17,14.16,240.72
East,Widget A,97,37.62,3649.14
West,Gadget X,7,34.23,239.61
Central,Gadget X,52,30.05,1562.6
East,Widget C,96,42.39,4069.44
West,Widget D,84,47.74,4010.16
West,Widget D,3,44.42,133.26
West,Widget A,65,37.51,2438.15
East,Widget D,99,25.92,2566.08
East,Widget A,59,42.81,2525.79
East,Gadget X,30,22.32,669.6
North,Widget B,11,30.38,334.18
West,Widget D,97,29.36,2847.92
North,Widget C,46,10.1,464.6
Central,Gadget X,79,46.78,3695.62
West,Gadget X,39,16.08,627.12
Central,Widget D,95,43.08,4092.6
Central,Widget D,58,41.87,2428.46
Central,Widget C,61,10.46,638.06
North,Gadget X,10,24.55,245.5
North,Widget B,67,10.7,716.9
West,Widget A,6,44.38,266.28
Central,Widget D,18,26.01,468.18
Central,Widget B,16,26.01,416.16
South,Widget D,91,20.22,1840.02
East,Widget B,77,32.33,2489.41
East,Widget A,27,17.12,462.24
West,Widget C,6,29.51,177.06
East,Widget D,75,12.95,971.25
South,Widget A,6,46.87,281.22
North,Gadget X,37,15.61,577.57
East,Gadget X,22,45.67,1004.74
South,Widget D,7,28.34,198.38
Central,Widget C,50,23.84,1192.0
West,Gadget X,1,46.06,46.06
North,Widget A,29,14.21,412.09
North,Widget C,30,26.75,802.5
East,Widget A,86,21.92,1885.12
South,Widget A,93,11.7,1088.1
South,Widget A,6,19.8,118.8
West,Widget D,57,21.08,1201.56
Central,Widget C,41,18.98,778.18
North,Widget A,39,39.52,1541.28
West,Gadget X,86,36.49,3138.14
East,Widget B,82,11.32,928.24
North,Widget D,26,20.32,528.32
South,Gadget X,83,14.04,1165.32
South,Gadget X,16,20.39,326.24
South,Widget A,11,16.35,179.85
East,Gadget X,45,26.83,1207.35
East,Widget B,9,10.6,95.4
West,Gadget X,44,37.44,1647.36
South,Gadget X,2,20.44,40.88
East,Gadget X,89,46.58,4145.62
South,Widget A,100,47.28,4728.0
East,Gadget X,18,32.48,584.64
Central,Widget C,52,35.78,1860.56
West,Widget A,21,42.86,900.06
Central,Widget D,66,20.05,1323.3
Central,Widget D,61,42.61,2599.21
West,Widget A,85,19.1,1623.5
North,Widget C,88,35.39,3114.32
Central,Widget D,52,14.58,758.16
Central,Widget C,63,10.18,641.34
South,Widget D,65,49.47,3215.55
Central,Widget D,27,33.63,908.01
North,Widget C,22,44.67,982.74
North,Widget B,66,33.5,2211.0
South,Widget A,43,48.28,2076.04
South,Widget B,81,18.46,1495.26
South,Widget B,29,24.15,700.35
East,Gadget X,47,18.63,875.61
East,Widget A,77,25.16,1937.32
North,Widget B,29,37.08,1075.32
South,Widget D,68,34.37,2337.16
East,Widget A,9,37.82,340.38
West,Widget D,48,27.59,1324.32
North,Widget C,91,48.17,4383.47
East,Widget C,31,19.7,610.7
West,Widget D,64,31.8,2035.2
West,Gadget X,44,36.13,1589.72
East,Widget D,44,35.6,1566.4
Central,Widget A,54,49.9,2694.6
West,Widget B,77,20.44,1573.88
South,Widget B,2,31.71,63.42
West,Widget D,99,46.77,4630.23
East,Widget B,79,21.09,1666.11
Central,Widget C,4,13.95,55.8
Central,Widget C,14,46.7,653.8
North,Widget D,98,33.35,3268.3
South,Widget D,77,23.79,1831.83
North,Widget D,36,46.59,1677.24
Central,Widget A,72,24.42,1758.24
North,Widget C,85,20.79,1767.15
North,Widget C,45,23.62,1062.9
South,Widget D,25,46.8,1170.0
West,Gadget X,80,30.71,2456.8
East,Widget A,64,14.71,941.44
East,Widget A,6,17.28,103.68
North,Widget B,98,12.53,1227.94
West,Widget D,95,39.86,3786.7
West,Gadget X,52,33.81,1758.12
Central,Widget A,5,29.39,146.95
Central,Widget D,27,11.82,319.14
North,Widget B,15,31.63,474.45
South,Widget B,32,29.97,959.04
West,Gadget X,89,11.89,1058.21
Central,Widget C,47,21.66,1018.02
South,Gadget X,90,16.14,1452.6
Central,Widget D,77,25.94,1997.38
North,Gadget X,70,24.63,1724.1
West,Widget A,11,49.28,542.08
West,Gadget X,4,42.68,170.72
East,Widget C,20,17.06,341.2
South,Gadget X,28,37.97,1063.16
East,Gadget X,8,37.57,300.56
West,Widget B,8,10.4,83.2
Central,Widget C,54,18.84,1017.36
East,Gadget X,28,46.08,1290.24
North,Widget B,39,27.27,1063.53
South,Widget A,84,19.51,1638.84
Central,Gadget X,25,28.4,710.0
Central,Widget A,92,30.11,2770.12
Central,Widget B,59,29.74,1754.66
West,Gadget X,70,29.43,2060.1
North,Widget B,22,11.56,254.32
West,Widget B,28,15.1,422.8
East,Widget B,6,39.62,237.72
West,Widget D,62,30.13,1868.06
East,Widget D,71,43.36,3078.56
Central,Widget D,42,23.41,983.22
West,Widget A,34,21.15,719.1
North,Gadget X,84,38.05,3196.2
Central,Widget B,70,26.37,1845.9
East,Widget C,61,35.08,2139.88
West,Widget A,22,42.29,930.38
East,Widget D,37,17.19,636.03
Central,Gadget X,21,23.05,484.05
Central,Gadget X,93,28.8,2678.4
North,Widget C,69,45.01,3105.69
South,Widget D,100,19.68,1968.0
South,Widget A,6,42.74,256.44
East,Widget C,48,43.66,2095.68
West,Widget B,1,19.32,19.32
Central,Widget B,17,44.94,763.98
North,Widget D,80,13.49,1079.2
West,Widget B,52,16.63,864.76
South,Widget C,89,33.23,2957.47
West,Widget C,78,27.95,2180.1
South,Widget D,4,43.1,172.4
North,Widget B,94,42.29,3975.26
North,Gadget X,51,10.47,533.97
North,Widget A,55,26.49,1456.95
South,Gadget X,27,35.26,952.02
North,Widget A,29,11.56,335.24
North,Widget C,34,23.42,796.28
North,Widget D,21,15.75,330.75
Central,Widget D,86,20.06,1725.16
North,Widget D,39,34.13,1331.07
Central,Widget D,69,24.67,1702.23
Central,Widget B,54,42.96,2319.84
South,Widget B,27,16.02,432.54
Central,Widget B,27,26.56,717.12
South,Widget B,67,34.75,2328.25
Central,Widget C,82,40.49,3320.18
North,Gadget X,67,28.93,1938.31
West,Widget A,1,39.12,39.12
South,Widget C,91,11.95,1087.45
South,Widget D,61,13.04,795.44
South,Widget B,52,46.01,2392.52
Central,Widget A,88,37.7,3317.6
Central,Widget A,27,44.14,1191.78
East,Widget C,40,26.41,1056.4
North,Widget D,22,36.69,807.18
South,Widget B,51,31.68,1615.68
South,Widget B,69,41.28,2848.32
South,Widget C,33,44.16,1457.28
South,Gadget X,67,12.74,853.58
East,Widget B,45,24.34,1095.3
North,Gadget X,28,12.14,339.92
North,Widget D,1,14.07,14.07
East,Widget B,98,40.43,3962.14
South,Widget A,78,30.01,2340.78
East,Widget B,5,22.61,113.05
Central,Widget D,55,34.83,1915.65
East,Gadget X,29,46.11,1337.19
West,Gadget X,52,18.38,955.76
East,Widget A,66,27.94,1844.04
Central,Widget A,35,22.32,781.2
East,Widget D,26,31.56,820.56
West,Widget D,70,17.16,1201.2
East,Widget D,4,29.08,116.32
East,Widget B,23,21.98,505.54
Central,Widget D,51,20.74,1057.74
East,Gadget X,30,43.19,1295.7
West,Widget B,40,42.74,1709.6
Central,Widget A,23,47.94,1102.62
Central,Widget C,76,31.96,2428.96
North,Widget B,46,39.59,1821.14
Central,Widget D,42,18.84,791.28
West,Widget C,42,26.55,1115.1
South,Widget C,39,20.43,796.77
Central,Gadget X,51,13.85,706.35
South,Widget A,3,39.07,117.21
North,Widget D,90,44.94,4044.6
East,Widget D,75,31.13,2334.75
East,Widget B,34,29.35,997.9
Central,Widget B,34,24.87,845.58
Central,Widget B,83,21.75,1805.25
West,Widget C,34,37.06,1260.04
Central,Widget B,65,35.61,2314.65
West,Widget D,66,29.66,1957.56
West,Widget D,88,22.77,2003.76
Central,Widget C,56,37.94,2124.64
North,Widget C,17,45.37,771.29
West,Widget D,80,40.64,3251.2
North,Widget D,29,40.83,1184.07
South,Widget B,97,49.16,4768.52
South,Widget D,95,15.05,1429.75
North,Widget C,100,34.68,3468.0
West,Gadget X,98,22.24,2179.52
North,Widget B,17,41.53,706.01
West,Widget B,92,11.81,1086.52
North,Widget B,69,46.26,3191.94
West,Widget A,20,20.5,410.0
Central,Widget C,90,27.16,2444.4
West,Gadget X,100,33.33,3333.0
Central,Widget A,38,40.4,1535.2
Central,Widget A,52,38.98,2026.96
East,Widget C,27,38.35,1035.45
East,Widget C,4,42.52,170.08
East,Widget B,51,23.11,1178.61
South,Widget C,64,15.81,1011.84
West,Widget B,83,29.61,2457.63
South,Widget B,67,27.28,1827.76
North,Widget A,27,26.47,714.69
East,Gadget X,49,47.85,2344.65
Central,Widget A,98,44.68,4378.64
North,Widget B,100,10.76,1076.0
South,Widget D,13,29.66,385.58
West,Widget C,33,48.58,1603.14
North,Widget B,43,38.11,1638.73
South,Widget D,88,11.1,976.8
North,Widget D,27,27.62,745.74
West,Widget A,81,16.62,1346.22
South,Widget C,98,49.35,4836.3
West,Widget D,69,21.16,1460.04
East,Widget A,47,13.19,619.93
West,Widget B,85,19.31,1641.35
West,Widget B,10,35.17,351.7
North,Gadget X,69,41.2,2842.8
South,Widget D,80,39.76,3180.8
South,Gadget X,99,26.72,2645.28
North,Widget D,48,38.57,1851.36
North,Gadget X,31,48.03,1488.93
East,Widget A,18,26.07,469.26
East,Widget D,90,18.93,1703.7
West,Widget D,36,10.93,393.48
West,Widget B,75,43.27,3245.25
South,Widget B,98,24.32,2383.36
East,Gadget X,49,28.61,1401.89
East,Widget D,6,24.18,145.08
South,Widget A,26,25.46,661.96
West,Widget C,92,29.84,2745.28
Central,Widget A,97,30.9,2997.3
East,Gadget X,81,18.8,1522.8
South,Widget C,22,22.44,493.68
Central,Widget D,85,23.19,1971.15
Central,Widget C,56,46.71,2615.76
Central,Widget B,67,40.23,2695.41
East,Widget B,22,37.15,817.3
East,Widget B,66,27.18,1793.88
Central,Widget A,7,28.42,198.94
West,Widget D,65,25.73,1672.45
North,Widget B,53,39.24,2079.72
South,Gadget X,44,35.58,1565.52
East,Widget B,74,19.22,1422.28
North,Widget D,47,28.45,1337.15
East,Widget C,80,22.32,1785.6
South,Widget B,25,49.46,1236.5
South,Widget D,5,25.45,127.25
South,Widget C,48,32.59,1564.32
South,Gadget X,35,46.68,1633.8
East,Widget A,54,34.45,1860.3
South,Gadget X,57,48.03,2737.71
North,Widget B,40,35.26,1410.4
South,Widget C,41,33.62,1378.42
Central,Widget A,54,11.5,621.0
South,Widget A,21,40.31,846.51
South,Gadget X,78,16.47,1284.66
South,Widget D,45,41.87,1884.15
Central,Gadget X,21,30.77,646.17
South,Widget D,89,37.47,3334.83
South,Widget A,57,22.42,1277.94
South,Widget A,54,39.31,2122.74
Central,Widget B,23,36.55,840.65
Central,Widget B,64,23.97,1534.08
South,Widget D,93,21.94,2040.42
North,Widget B,48,39.71,1906.08
West,Gadget X,2,41.16,82.32
North,Widget A,12,20.23,242.76
East,Widget A,16,44.5,712.0
Central,Gadget X,17,11.5,195.5
Central,Widget C,89,44.08,3923.12
East,Widget A,63,29.7,1871.1
West,Gadget X,36,46.84,1686.24
North,Widget A,66,44.83,2958.78
South,Widget D,9,46.48,418.32
West,Widget A,17,24.86,422.62
West,Widget D,36,36.29,1306.44
South,Widget B,75,17.83,1337.25
West,Widget B,48,33.35,1600.8
South,Widget A,4,26.24,104.96
North,Widget B,37,21.6,799.2
Central,Gadget X,75,38.36,2877.0
North,Widget D,25,22.71,567.75
East,Widget B,84,46.81,3932.04
East,Widget D,1,47.34,47.34
West,Gadget X,50,31.25,1562.5
South,Widget D,42,40.41,1697.22
West,Gadget X,88,39.43,3469.84
North,Widget D,39,17.01,663.39
North,Widget D,54,37.69,2035.26
Central,Widget D,81,46.88,3797.28
South,Gadget X,42,27.83,1168.86
West,Widget B,57,12.11,690.27
North,Widget A,32,14.76,472.32
East,Widget A,78,34.37,2680.86
East,Widget A,60,25.89,1553.4
North,Widget D,24,44.45,1066.8
North,Widget C,50,13.71,685.5
Central,Gadget X,17,48.61,826.37
North,Gadget X,16,26.3,420.8
North,Gadget X,52,22.37,1163.24
North,Widget A,96,27.03,2594.88
East,Widget D,54,35.0,1890.0
South,Widget B,65,42.65,2772.25
South,Widget C,57,48.87,2785.59
East,Widget D,18,10.77,193.86
Central,Widget A,43,34.65,1489.95
South,Gadget X,59,39.54,2332.86
East,Gadget X,92,32.38,2978.96
West,Widget D,51,20.16,1028.16
North,Widget B,5,26.72,133.6
North,Widget B,77,34.35,2644.95
Central,Widget A,30,32.48,974.4
North,Widget D,82,15.28,1252.96
West,Widget A,27,16.35,441.45
West,Widget B,100,37.51,3751.0
Central,Widget A,52,13.7,712.4
East,Gadget X,49,33.79,1655.71
East,Widget D,49,31.27,1532.23
South,Gadget X,19,28.14,534.66
South,Gadget X,20,35.45,709.0
East,Widget D,36,27.85,1002.6
East,Widget D,65,28.46,1849.9
West,Widget A,36,38.08,1370.88
West,Widget B,83,19.63,1629.29
Central,Widget C,94,47.87,4499.78
North,Widget B,21,18.16,381.36
North,Widget A,58,43.82,2541.56
North,Widget B,7,17.9,125.3
South,Widget A,6,38.1,228.6
South,Widget C,5,39.97,199.85
Central,Widget B,92,20.63,1897.96
Central,Gadget X,39,23.09,900.51
Central,Widget B,87,12.54,1090.98
West,Widget B,78,29.47,2298.66
South,Widget D,84,22.47,1887.48
West,Widget A,45,38.24,1720.8
West,Widget D,8,18.12,144.96
South,Widget A,12,46.49,557.88
Central,Widget D,2,17.37,34.74
Central,Gadget X,17,24.19,411.23
East,Widget D,23,23.07,530.61
Central,Widget B,63,43.43,2736.09
East,Widget A,42,33.79,1419.18
North,Gadget X,92,41.98,3862.16
South,Widget C,79,17.51,1383.29
East,Gadget X,10,14.89,148.9
North,Widget A,100,16.66,1666.0
South,Gadget X,24,41.12,986.88
East,Gadget X,3,34.92,104.76
West,Widget B,69,18.16,1253.04
North,Widget A,54,16.73,903.42
Central,Widget C,72,28.68,2064.96
North,Widget B,9,22.86,205.74
Central,Widget B,46,26.51,1219.46
East,Widget D,59,47.64,2810.76
East,Widget A,9,10.86,97.74
Central,Widget C,29,15.42,447.18
West,Widget C,57,23.44,1336.08
South,Widget C,69,42.33,2920.77
Central,Widget D,86,42.0,3612.0
West,Widget B,100,19.82,1982.0
West,Widget D,44,18.77,825.88
North,Gadget X,18,37.97,683.46
Central,Widget C,94,20.64,1940.16
Central,Widget D,30,44.77,1343.1
East,Widget C,44,40.82,1796.08
West,Widget A,79,20.94,1654.26
South,Widget C,18,12.46,224.28
Central,Widget C,61,27.39,1670.79
East,Widget A,93,41.71,3879.03
West,Gadget X,69,21.83,1506.27
Central,Widget C,64,40.92,2618.88
East,Gadget X,95,14.37,1365.15
East,Gadget X,88,19.18,1687.84
South,Widget D,72,27.75,1998.0
North,Widget D,63,45.93,2893.59
South,Widget A,38,42.83,1627.54
Central,Widget B,20,34.56,691.2
East,Gadget X,24,45.65,1095.6
West,Widget D,75,47.13,3534.75
West,Widget A,14,15.3,214.2
Central,Widget D,41,37.0,1517.0
Central,Gadget X,67,21.09,1413.03
West,Widget D,96,46.51,4464.96
Central,Gadget X,17,28.08,477.36
West,Widget C,14,37.18,520.52
Central,Widget A,38,44.59,1694.42
North,Widget A,25,43.32,1083.0
Central,Widget C,82,26.39,2163.98
Central,Widget D,55,33.34,1833.7
Central,Gadget X,44,44.78,1970.32
South,Widget B,59,42.21,2490.39
East,Widget A,67,11.37,761.79
North,Widget D,57,34.01,1938.57
Central,Widget D,83,39.88,3310.04
North,Gadget X,72,16.36,1177.92
South,Gadget X,73,45.98,3356.54
East,Widget A,48,37.48,1799.04
Central,Widget C,27,25.66,692.82
South,Widget C,73,12.32,899.36
South,Widget A,10,44.85,448.5
Central,Widget B,37,36.64,1355.68
Central,Gadget X,46,24.39,1121.94
South,Widget D,92,13.33,1226.36
Central,Widget D,12,37.06,444.72
Central,Widget D,21,15.73,330.33
Central,Widget A,59,37.46,2210.14
West,Widget B,47,48.12,2261.64
South,Widget C,84,24.56,2063.04
East,Widget A,37,13.14,486.18
West,Widget A,65,32.22,2094.3
West,Widget D,98,48.77,4779.46
East,Widget C,16,24.76,396.16
West,Widget D,68,23.18,1576.24
South,Widget B,58,40.25,2334.5
South,Widget B,70,22.22,1555.4
South,Widget D,27,20.97,566.19
South,Widget D,10,16.18,161.8
Central,Widget A,56,41.56,2327.36
South,Widget D,93,24.68,2295.24
South,Gadget X,91,28.88,2628.08
East,Widget B,46,49.15,2260.9
Central,Widget B,43,40.7,1750.1
Central,Widget C,27,40.18,1084.86
East,Widget B,60,24.51,1470.6
East,Widget B,75,46.88,3516.0
North,Widget C,47,32.38,1521.86
South,Gadget X,45,38.79,1745.55
Central,Gadget X,44,36.27,1595.88
Central,Widget B,38,46.87,1781.06
South,Gadget X,91,28.48,2591.68
East,Widget A,63,40.97,2581.11
East,Widget A,18,13.77,247.86
North,Widget D,19,36.82,699.58
Central,Widget D,81,13.95,1129.95
Central,Widget D,83,41.75,3465.25
North,Widget B,1,41.0,41.0
East,Widget A,75,11.09,831.75
North,Widget D,36,10.75,387.0
West,Widget D,48,30.16,1447.68
South,Widget B,4,10.34,41.36
East,Widget C,61,18.73,1142.53
North,Widget A,42,14.51,609.42
West,Widget C,90,31.78,2860.2
North,Widget D,47,43.86,2061.42
South,Widget A,73,17.74,1295.02
South,Gadget X,94,26.43,2484.42
East,Widget C,59,10.49,618.91
North,Widget D,70,43.58,3050.6
Central,Widget C,29,29.21,847.09
North,Widget D,28,37.42,1047.76
Central,Gadget X,11,41.77,459.47
North,Widget A,27,23.84,643.68
North,Widget B,79,16.82,1328.78
East,Widget B,53,31.36,1662.08
Central,Widget C,7,42.66,298.62
West,Widget C,19,37.48,712.12
West,Widget C,78,12.38,965.64
West,Widget A,95,26.02,2471.9
Central,Widget A,33,47.72,1574.76
Central,Gadget X,43,47.95,2061.85
East,Widget C,48,31.77,1524.96
South,Widget C,84,24.17,2030.28
Central,Widget B,73,49.38,3604.74
Central,Widget D,31,48.42,1501.02
West,Widget B,87,37.68,3278.16
Central,Widget C,35,47.62,1666.7
North,Widget C,9,47.22,424.98
South,Widget C,46,27.42,1261.32
Central,Widget A,48,43.19,2073.12
Central,Widget C,59,18.41,1086.19
Central,Gadget X,90,36.15,3253.5
South,Widget A,44,23.71,1043.24
North,Widget C,37,31.26,1156.62
West,Widget A,6,26.06,156.36
South,Gadget X,92,42.85,3942.2
North,Widget A,94,25.61,2407.34
East,Widget B,79,29.81,2354.99
North,Widget B,20,12.91,258.2
West,Gadget X,78,18.82,1467.96
Central,Widget B,60,38.17,2290.2
Central,Widget C,2,30.53,61.06
East,Widget A,12,42.89,514.68
East,Widget D,79,11.46,905.34
West,Widget A,25,25.85,646.25
North,Gadget X,44,12.04,529.76
North,Widget D,54,21.33,1151.82
Central,Widget C,71,16.5,1171.5
East,Widget C,88,48.31,4251.28
East,Gadget X,37,25.21,932.77
East,Widget D,78,39.97,3117.66
South,Widget A,19,12.08,229.52
South,Gadget X,68,26.3,1788.4
West,Widget C,69,35.38,2441.22
East,Widget A,21,27.06,568.26
West,Widget C,84,15.77,1324.68
North,Gadget X,92,26.99,2483.08
Central,Widget B,33,21.18,698.94
West,Widget C,93,31.87,2963.91
West,Widget A,26,39.99,1039.74
East,Widget D,57,46.57,2654.49
Central,Widget A,67,12.37,828.79
West,Widget C,23,17.66,406.18
West,Widget B,30,46.96,1408.8
North,Gadget X,55,47.46,2610.3
Central,Gadget X,76,39.75,3021.0
North,Widget C,29,29.03,841.87
West,Widget B,58,45.08,2614.64
Central,Widget C,36,45.51,1638.36
South,Gadget X,50,41.3,2065.0
North,Widget D,21,42.71,896.91
East,Gadget X,68,21.97,1493.96
Central,Widget D,20,34.04,680.8
Central,Widget B,78,38.05,2967.9
South,Widget C,95,11.51,1093.45
East,Widget A,47,36.8,1729.6
South,Gadget X,59,38.33,2261.47
South,Gadget X,71,28.86,2049.06
West,Gadget X,29,39.96,1158.84
East,Widget D,48,44.34,2128.32
West,Gadget X,14,43.97,615.58
Central,Widget C,62,24.48,1517.76
South,Widget C,18,48.92,880.56
Central,Widget D,79,46.76,3694.04
East,Widget A,100,14.72,1472.0
East,Widget B,92,40.71,3745.32
East,Gadget X,89,19.13,1702.57
North,Widget B,75,24.19,1814.25
West,Widget C,78,12.09,943.02
North,Widget A,21,41.52,871.92
West,Widget B,47,40.63,1909.61
West,Widget D,22,31.05,683.1
Central,Widget B,27,22.25,600.75
East,Gadget X,74,10.45,773.3
West,Widget A,70,40.39,2827.3
Central,Widget B,48,44.64,2142.72
West,Widget C,24,11.39,273.36
West,Gadget X,49,39.3,1925.7
East,Gadget X,49,19.99,979.51
Central,Widget A,39,17.93,699.27
Central,Gadget X,56,12.3,688.8
North,Gadget X,22,12.35,271.7
West,Gadget X,30,45.55,1366.5
Central,Gadget X,28,45.65,1278.2
Central,Widget B,72,22.98,1654.56
West,Widget D,21,20.11,422.31
East,Widget D,74,16.33,1208.42
West,Gadget X,42,12.87,540.54
North,Widget B,37,41.65,1541.05
North,Widget C,19,48.35,918.65
Central,Widget A,23,39.88,917.24
Central,Widget B,63,32.68,2058.84
West,Widget D,4,15.94,63.76
North,Widget B,97,25.79,2501.63
East,Widget A,40,16.2,648.0
East,Widget B,52,24.56,1277.12
North,Gadget X,74,29.59,2189.66
North,Widget C,50,35.64,1782.0
East,Widget D,69,33.17,2288.73
South,Widget D,92,36.08,3319.36
Central,Widget A,31,14.14,438.34
North,Widget A,84,35.82,3008.88
North,Widget D,60,19.76,1185.6
West,Gadget X,1,34.02,34.02
East,Gadget X,81,28.61,2317.41
South,Widget D,82,46.54,3816.28
East,Widget C,65,26.43,1717.95
North,Widget B,89,21.22,1888.58
North,Widget B,80,13.4,1072.0
West,Gadget X,42,40.24,1690.08
South,Widget C,13,17.41,226.33
North,Widget A,72,30.87,2222.64
West,Gadget X,16,49.5,792.0
East,Widget B,37,29.45,1089.65
East,Widget C,6,49.1,294.6
East,Widget A,39,21.34,832.26
Central,Widget C,23,18.68,429.64
East,Gadget X,62,48.8,3025.6
North,Widget D,88,38.53,3390.64
South,Widget C,21,20.2,424.2
South,Widget C,23,16.24,373.52
North,Widget C,12,36.53,438.36
West,Widget C,65,15.03,976.95
South,Gadget X,5,20.61,103.05
East,Widget D,34,45.84,1558.56
West,Gadget X,53,20.0,1060.0
East,Widget B,19,44.5,845.5
East,Widget A,95,45.91,4361.45
Central,Widget B,57,38.73,2207.61
East,Gadget X,92,32.82,3019.44
Central,Gadget X,92,37.71,3469.32
Central,Widget A,85,42.65,3625.25
North,Widget C,45,42.3,1903.5
North,Widget B,60,20.87,1252.2
East,Widget C,11,46.05,506.55
South,Widget C,35,26.76,936.6
South,Widget B,21,34.36,721.56
South,Widget C,1,15.95,15.95
East,Gadget X,52,13.65,709.8
East,Widget A,33,20.86,688.38
West,Widget D,24,47.49,1139.76
South,Widget A,100,12.18,1218.0
East,Widget B,27,10.37,279.99
Central,Widget A,93,29.52,2745.36
North,Widget D,2,46.52,93.04
West,Widget D,70,33.13,2319.1
South,Gadget X,63,10.94,689.22
West,Gadget X,1,27.97,27.97
South,Widget C,7,47.35,331.45
South,Widget D,12,24.95,299.4
Central,Widget D,31,33.48,1037.88
North,Widget A,74,46.35,3429.9
East,Widget D,71,25.24,1792.04
North,Widget A,27,43.98,1187.46
East,Widget A,13,15.11,196.43
North,Widget D,55,36.97,2033.35
East,Gadget X,83,48.29,4008.07
West,Widget D,1,18.81,18.81
West,Widget C,79,13.28,1049.12
North,Widget B,8,26.1,208.8
East,Widget C,92,24.49,2253.08
North,Widget B,60,12.63,757.8
Central,Widget A,95,41.76,3967.2
Central,Widget B,82,38.84,3184.88
Central,Gadget X,1,15.83,15.83
West,Widget D,69,19.66,1356.54
West,Gadget X,95,49.26,4679.7
East,Widget B,90,41.51,3735.9
East,Widget A,36,25.08,902.88
East,Widget D,55,49.51,2723.05
West,Widget D,27,47.87,1292.49
South,Gadget X,78,44.93,3504.54
East,Widget A,52,46.6,2423.2
North,Widget B,98,16.59,1625.82
West,Widget A,20,23.0,460.0
West,Widget B,78,13.0,1014.0
West,Gadget X,66,31.61,2086.26
North,Widget D,4,36.68,146.72
South,Widget B,39,21.93,855.27
South,Gadget X,80,44.03,3522.4
East,Widget D,43,48.43,2082.49
Central,Widget A,26,14.04,365.04
Central,Widget A,25,45.83,1145.75
Central,Widget A,14,27.71,387.94
West,Gadget X,93,25.51,2372.43
East,Widget B,72,46.62,3356.64
Central,Widget C,35,26.96,943.6
West,Widget D,16,41.14,658.24
South,Widget B,2,13.12,26.24
East,Widget C,98,32.92,3226.16
East,Gadget X,38,48.67,1849.46
North,Widget D,92,29.84,2745.28
South,Widget D,46,25.17,1157.82
South,Widget A,61,34.32,2093.52
South,Gadget X,53,49.0,2597.0
East,Widget A,15,23.04,345.6
North,Widget A,28,23.09,646.52
South,Widget D,42,30.79,1293.18
North,Widget A,59,19.48,1149.32
Central,Widget D,40,36.27,1450.8
North,Widget B,11,39.31,432.41
Central,Widget D,21,49.0,1029.0
South,Widget D,57,14.74,840.18
West,Widget D,5,43.46,217.3
West,Gadget X,34,32.2,1094.8
North,Widget D,46,28.74,1322.04
South,Widget B,1,17.05,17.05
East,Widget A,31,34.63,1073.53
South,Widget B,10,11.51,115.1
East,Widget C,39,11.46,446.94
North,Widget B,91,21.85,1988.35
South,Widget D,81,20.21,1637.01
East,Widget C,12,25.71,308.52
Central,Gadget X,61,42.56,2596.16
South,Widget D,91,22.53,2050.23
West,Widget C,81,49.65,4021.65
East,Gadget X,90,18.33,1649.7
West,Widget B,47,31.5,1480.5
East,Gadget X,88,39.91,3512.08
Central,Gadget X,51,20.11,1025.61
East,Widget C,18,17.07,307.26
East,Widget D,3,26.04,78.12
North,Widget C,42,31.94,1341.48
North,Widget A,28,49.17,1376.76
North,Widget B,46,46.17,2123.82
South,Widget A,67,33.85,2267.95
West,Widget D,78,47.09,3673.02
Central,Gadget X,10,34.49,344.9
Central,Widget C,57,36.42,2075.94
South,Widget B,72,41.85,3013.2
Central,Widget D,76,16.84,1279.84
East,Widget B,42,34.26,1438.92
North,Widget B,15,23.02,345.3
East,Widget A,56,46.63,2611.28
South,Widget B,46,42.11,1937.06
West,Widget D,52,29.39,1528.28
East,Widget C,36,27.2,979.2
Central,Widget C,57,26.2,1493.4
West,Widget C,63,13.42,845.46
East,Widget B,21,25.24,530.04
South,Widget B,57,22.33,1272.81
South,Widget B,84,31.72,2664.48
Central,Widget D,16,25.88,414.08
East,Widget B,9,15.52,139.68
South,Widget C,11,29.22,321.42
South,Widget C,41,49.49,2029.09
East,Widget D,80,30.41,2432.8
East,Widget A,47,42.76,2009.72
East,Widget C,54,45.03,2431.62
East,Widget C,37,44.7,1653.9
West,Widget B,15,48.0,720.0
North,Widget A,77,49.0,3773.0
South,Widget A,95,37.03,3517.85
East,Widget B,51,26.33,1342.83
South,Widget A,58,40.72,2361.76
South,Widget C,1,27.82,27.82
East,Widget D,15,18.38,275.7
Central,Widget B,60,43.23,2593.8
East,Gadget X,90,38.0,3420.0
Central,Widget D,52,14.91,775.32
East,Widget A,38,45.31,1721.78
Central,Widget B,14,28.78,402.92
North,Widget C,81,29.56,2394.36
North,Widget A,37,25.25,934.25
West,Widget D,27,12.17,328.59
East,Widget D,63,21.96,1383.48
South,Widget C,56,35.45,1985.2
South,Widget D,36,19.58,704.88
South,Widget C,90,18.56,1670.4
Central,Widget B,50,22.92,1146.0
North,Widget D,96,10.35,993.6
East,Widget A,10,39.06,390.6
Central,Widget B,53,22.26,1179.78
Central,Widget C,42,28.03,1177.26
North,Widget C,57,17.81,1015.17
North,Widget C,73,49.52,3614.96
West,Widget D,50,48.97,2448.5
West,Widget A,56,12.28,687.68
North,Widget C,50,26.99,1349.5
East,Widget A,80,45.69,3655.2
East,Widget C,28,19.49,545.72
Central,Widget C,80,48.38,3870.4
East,Widget A,26,15.77,410.02
Central,Widget C,45,25.02,1125.9
South,Widget C,29,33.38,968.02
West,Gadget X,81,11.83,958.23
West,Gadget X,55,10.66,586.3
East,Widget A,62,41.31,2561.22
East,Widget A,3,26.81,80.43
West,Widget A,50,31.27,1563.5
West,Widget D,11,47.41,521.51
South,Widget B,99,19.96,1976.04
South,Widget B,68,14.47,983.96
East,Widget D,18,24.52,441.36
Central,Gadget X,78,10.72,836.16
East,Widget D,87,23.78,2068.86
West,Widget A,95,47.48,4510.6
Central,Widget B,42,25.94,1089.48
East,Widget A,34,11.08,376.72
West,Widget B,39,15.0,585.0
East,Gadget X,36,29.65,1067.4
North,Widget C,69,40.5,2794.5
West,Widget A,12,26.34,316.08
Central,Widget B,48,29.76,1428.48
North,Widget D,77,41.35,3183.95
Central,Widget B,19,45.26,859.94
East,Widget B,7,15.03,105.21
West,Widget B,72,33.8,2433.6
North,Widget D,31,33.98,1053.38
South,Widget B,72,46.21,3327.12
Central,Gadget X,16,15.74,251.84
Central,Gadget X,15,22.19,332.85
North,Widget D,31,24.4,756.4
West,Gadget X,15,41.56,623.4
East,Gadget X,90,22.85,2056.5
South,Widget C,68,21.29,1447.72
West,Widget B,29,38.15,1106.35
North,Widget C,81,33.13,2683.53
North,Widget B,25,41.32,1033.0
North,Gadget X,2,48.96,97.92
North,Widget B,96,48.53,4658.88
East,Widget B,18,43.69,786.42
East,Gadget X,98,11.14,1091.72
Central,Widget C,62,46.92,2909.04
West,Widget D,27,45.94,1240.38
South,Widget D,57,40.62,2315.34
West,Widget D,86,23.5,2021.0
East,Gadget X,56,29.25,1638.0
South,Widget B,13,33.47,435.11
Central,Gadget X,82,28.77,2359.14
South,Widget C,98,37.26,3651.48
Central,Widget C,32,11.74,375.68
East,Widget D,80,10.92,873.6
North,Widget D,34,36.06,1226.04
Central,Gadget X,91,11.67,1061.97
North,Gadget X,91,15.57,1416.87
South,Widget B,29,23.43,679.47
North,Widget A,52,38.89,2022.28
South,Widget D,28,40.73,1140.44
South,Widget A,2,27.73,55.46
East,Widget D,87,15.37,1337.19
South,Widget B,98,48.03,4706.94
East,Gadget X,46,47.23,2172.58
East,Widget B,41,47.92,1964.72
North,Widget B,51,21.26,1084.26
South,Widget C,60,34.74,2084.4
North,Widget D,98,47.71,4675.58
West,Gadget X,33,40.91,1350.03
North,Widget B,28,42.7,1195.6
South,Widget D,62,40.62,2518.44
North,Widget B,42,47.44,1992.48
South,Widget A,13,13.05,169.65
North,Widget C,34,27.86,947.24
East,Widget A,92,46.08,4239.36
North,Widget D,29,29.82,864.78
South,Widget C,37,27.33,1011.21
South,Widget B,24,10.02,240.48
East,Widget A,61,41.53,2533.33
Central,Widget C,78,10.43,813.54
East,Gadget X,34,44.87,1525.58
South,Widget C,39,47.39,1848.21
Central,Widget C,3,25.06,75.18
East,Widget C,21,40.48,850.08
Central,Widget D,1,44.25,44.25
West,Gadget X,80,27.36,2188.8
Central,Widget A,24,47.57,1141.68
North,Widget D,45,38.38,1727.1
Central,Widget A,4,24.8,99.2
Central,Widget B,84,32.63,2740.92
North,Widget C,76,15.15,1151.4
East,Widget A,8,11.74,93.92
South,Widget B,18,28.52,513.36
South,Widget B,100,33.21,3321.0
South,Widget B,40,26.59,1063.6
Central,Widget D,80,44.0,3520.0
North,Widget D,45,37.02,1665.9
East,Gadget X,100,13.61,1361.0
Central,Widget A,79,31.36,2477.44
North,Widget D,26,27.64,718.64
North,Widget B,65,32.35,2102.75
West,Widget C,82,18.65,1529.3
East,Gadget X,16,17.21,275.36
North,Gadget X,100,21.29,2129.0
South,Widget B,77,36.17,2785.09
Central,Widget B,59,11.14,657.26
East,Widget A,77,38.47,2962.19
South,Widget A,47,44.79,2105.13
North,Gadget X,27,17.23,465.21
North,Widget D,8,13.68,109.44
South,Gadget X,21,49.01,1029.21
West,Widget A,57,24.63,1403.91
East,Widget A,36,26.04,937.44
East,Widget C,63,45.03,2836.89
Central,Widget B,15,16.24,243.6
South,Widget D,81,33.71,2730.51
West,Widget D,18,43.19,777.42
South,Widget B,62,47.75,2960.5
West,Widget A,7,28.01,196.07
South,Widget D,45,48.06,2162.7
North,Widget A,10,39.51,395.1
East,Widget A,31,20.71,642.01
North,Widget C,19,47.01,893.19
South,Gadget X,16,43.47,695.52
South,Widget B,94,24.07,2262.58
South,Gadget X,10,22.97,229.7
South,Widget B,84,44.87,3769.08
West,Widget C,70,10.69,748.3
East,Widget B,47,22.2,1043.4
North,Widget B,17,29.18,496.06
West,Gadget X,58,34.65,2009.7
North,Widget D,60,26.23,1573.8
North,Gadget X,84,38.73,3253.32
South,Widget B,96,43.93,4217.28
South,Widget C,100,22.25,2225.0
East,Widget D,85,20.55,1746.75
Central,Widget C,72,38.76,2790.72
South,Widget D,89,12.44,1107.16
North,Widget C,76,16.2,1231.2
Central,Widget D,53,48.97,2595.41
West,Gadget X,45,24.11,1084.95
East,Widget D,25,10.42,260.5
North,Widget B,64,17.87,1143.68
North,Widget D,54,43.01,2322.54
East,Widget D,17,44.9,763.3
West,Gadget X,34,30.84,1048.56
Central,Widget D,84,40.92,3437.28
Central,Widget A,63,21.74,1369.62
Central,Widget B,91,26.01,2366.91
Central,Widget B,67,20.26,1357.42
North,Gadget X,83,41.82,3471.06
East,Gadget X,86,18.14,1560.04
South,Widget D,12,32.58,390.96
South,Widget C,56,43.96,2461.76
South,Widget C,63,44.87,2826.81
Central,Gadget X,94,49.89,4689.66
East,Gadget X,77,14.39,1108.03
East,Widget A,93,10.48,974.64
East,Gadget X,85,46.08,3916.8
East,Gadget X,55,37.59,2067.45
West,Widget B,83,19.15,1589.45
South,Widget B,68,23.56,1602.08
Central,Widget B,21,45.35,952.35
Central,Widget C,88,40.86,3595.68
East,Widget A,100,41.17,4117.0
Central,Gadget X,83,18.51,1536.33
East,Widget C,15,41.43,621.45
North,Widget C,83,19.3,1601.9
West,Widget C,27,19.78,534.06
Central,Widget C,94,10.02,941.88
East,Widget C,40,35.61,1424.4
North,Widget C,34,21.56,733.04
Central,Widget A,49,44.94,2202.06
East,Widget C,36,21.59,777.24
Central,Widget D,9,27.37,246.33
Central,Widget C,6,24.86,149.16
East,Gadget X,69,36.39,2510.91
South,Widget B,61,36.21,2208.81
West,Widget A,98,38.66,3788.68
East,Widget A,93,41.97,3903.21
North,Widget A,41,11.4,467.4
Central,Widget D,24,43.35,1040.4
North,Widget C,97,21.58,2093.26
West,Widget A,65,11.09,720.85
West,Widget C,70,21.77,1523.9
Central,Widget A,42,33.98,1427.16
North,Widget B,19,42.62,809.78
West,Widget A,22,29.85,656.7
South,Gadget X,79,31.41,2481.39
South,Gadget X,51,14.91,760.41
East,Widget C,47,27.45,1290.15
East,Widget D,56,21.84,1223.04
West,Widget C,87,45.1,3923.7
East,Widget D,48,34.54,1657.92
East,Widget C,16,37.11,593.76
West,Widget B,62,30.34,1881.08
West,Widget B,100,15.51,1551.0
East,Widget D,16,29.56,472.96
Central,Gadget X,69,17.7,1221.3
West,Gadget X,1,25.46,25.46
Central,Widget C,49,27.73,1358.77
South,Gadget X,14,40.78,570.92
Central,Widget C,96,19.47,1869.12
North,Gadget X,52,43.79,2277.08
Central,Widget B,12,21.47,257.64
West,Widget B,17,14.27,242.59
East,Gadget X,97,16.35,1585.95
West,Widget C,75,10.14,760.5
South,Widget C,98,14.75,1445.5
West,Gadget X,16,22.96,367.36
North,Widget A,98,29.57,2897.86
South,Widget B,91,26.68,2427.88
West,Widget C,39,29.59,1154.01
South,Widget C,12,27.21,326.52
East,Gadget X,55,28.69,1577.95
North,Widget A,41,26.61,1091.01
South,Widget C,83,44.19,3667.77
East,Widget D,32,30.25,968.0
Central,Gadget X,47,30.4,1428.8
Central,Widget D,72,16.83,1211.76
North,Widget A,51,21.42,1092.42
West,Widget B,89,16.5,1468.5
West,Widget D,21,33.58,705.18
East,Widget D,31,27.84,863.04
Central,Widget C,95,42.7,4056.5
East,Widget D,74,11.57,856.18
North,Widget C,9,48.53,436.77
East,Widget C,49,12.57,615.93
West,Gadget X,67,37.41,2506.47
North,Widget D,44,33.57,1477.08
South,Gadget X,82,15.52,1272.64
South,Widget C,51,42.85,2185.35
North,Widget C,26,15.1,392.6
Central,Widget B,36,35.62,1282.32
East,Widget B,100,33.9,3390.0
South,Widget C,95,12.66,1202.7
East,Widget A,46,16.69,767.74
North,Widget C,93,34.75,3231.75
Central,Gadget X,96,32.88,3156.48
South,Widget C,36,46.36,1668.96
West,Widget D,54,43.2,2332.8
East,Widget D,63,23.05,1452.15
East,Widget C,65,11.18,726.7
East,Gadget X,46,25.02,1150.92
South,Gadget X,65,20.29,1318.85
West,Widget B,58,16.4,951.2
South,Widget A,66,17.12,1129.92
East,Widget B,91,35.35,3216.85
Central,Widget A,24,23.73,569.52
East,Widget C,36,34.72,1249.92
South,Widget A,34,41.45,1409.3
West,Widget B,14,13.7,191.8
East,Widget C,34,29.08,988.72
West,Gadget X,81,44.74,3623.94
North,Widget A,99,32.29,3196.71
South,Widget B,21,47.42,995.82
West,Widget D,37,44.99,1664.63
North,Gadget X,21,29.92,628.32
Central,Widget B,38,18.76,712.88
Central,Widget A,28,26.23,734.44
North,Gadget X,46,10.23,470.58
East,Widget B,50,39.91,1995.5
Central,Gadget X,44,49.13,2161.72
East,Widget D,5,18.19,90.95
East,Widget D,45,15.57,700.65
East,Gadget X,76,44.28,3365.28
Central,Widget A,64,44.79,2866.56
East,Widget C,78,28.15,2195.7
Central,Widget C,5,17.14,85.7
East,Widget A,47,40.98,1926.06
Central,Widget A,87,46.22,4021.14
East,Gadget X,17,13.57,230.69
North,Widget B,7,17.06,119.42
North,Widget D,22,28.53,627.66
East,Widget C,99,40.75,4034.25
South,Gadget X,86,20.92,1799.12
South,Widget C,88,21.33,1877.04
West,Widget A,72,38.6,2779.2
South,Widget C,61,32.07,1956.27
East,Widget D,4,16.56,66.24
North,Widget B,45,12.5,562.5
Central,Widget C,39,36.34,1417.26
East,Widget A,60,30.56,1833.6
West,Widget D,88,41.62,3662.56
East,Widget C,41,30.85,1264.85
West,Gadget X,71,19.18,1361.78
West,Widget D,20,25.31,506.2
East,Widget B,51,22.15,1129.65
South,Gadget X,96,31.55,3028.8
West,Gadget X,48,20.85,1000.8
West,Widget D,24,25.47,611.28
West,Widget A,86,34.9,3001.4
West,Widget C,80,11.12,889.6
Central,Gadget X,18,11.35,204.3
North,Widget C,62,24.58,1523.96
Central,Widget B,45,25.74,1158.3
West,Widget C,96,44.0,4224.0
Central,Widget D,24,17.34,416.16
South,Widget D,86,13.2,1135.2
West,Widget D,7,21.41,149.87
West,Widget D,24,44.82,1075.68
South,Widget B,90,12.39,1115.1
South,Gadget X,9,14.74,132.66
South,Widget B,46,43.82,2015.72
West,Widget B,94,42.81,4024.14
South,Gadget X,60,23.67,1420.2
Central,Widget C,32,43.27,1384.64
North,Widget D,52,27.32,1420.64
West,Widget C,72,41.81,3010.32
Central,Widget D,33,12.26,404.58
East,Gadget X,12,31.51,378.12
North,Widget D,56,19.05,1066.8
Central,Widget D,66,46.36,3059.76
West,Widget B,45,18.95,852.75
South,Widget A,83,28.73,2384.59
Central,Widget B,74,28.54,2111.96
North,Widget D,76,19.47,1479.72
North,Gadget X,39,15.65,610.35
West,Widget B,55,18.67,1026.85
Central,Widget C,68,14.92,1014.56
East,Widget B,70,33.44,2340.8
South,Widget B,30,44.23,1326.9
South,Widget B,18,42.75,769.5
West,Widget A,43,28.15,1210.45
South,Gadget X,86,39.04,3357.44
East,Widget D,29,20.45,593.05
South,Widget A,64,29.75,1904.0
Central,Widget C,6,30.64,183.84
South,Widget B,1,14.52,14.52
Central,Widget A,83,39.39,3269.37
South,Gadget X,96,13.89,1333.44
South,Widget C,98,13.11,1284.78
Central,Widget B,75,34.28,2571.0
East,Widget A,34,39.85,1354.9
North,Widget A,84,15.9,1335.6
West,Widget D,91,41.88,3811.08
South,Widget D,75,19.4,1455.0
North,Widget B,65,28.92,1879.8
West,Gadget X,92,32.48,2988.16
South,Gadget X,71,28.21,2002.91
East,Gadget X,73,34.0,2482.0
East,Gadget X,56,31.77,1779.12
North,Widget C,75,27.81,2085.75
North,Widget C,46,23.26,1069.96
East,Widget D,55,11.96,657.8
East,Widget B,58,21.24,1231.92
West,Gadget X,48,37.12,1781.76
North,Widget C,15,44.95,674.25
South,Widget C,62,11.95,740.9
East,Widget C,77,12.42,956.34
Central,Widget C,12,37.94,455.28
Central,Widget A,19,16.08,305.52
South,Widget D,66,16.87,1113.42
South,Widget A,92,47.53,4372.76
North,Widget D,86,26.04,2239.44
North,Gadget X,56,43.12,2414.72
North,Widget A,96,33.35,3201.6
West,Widget D,83,22.64,1879.12
Central,Widget A,40,46.53,1861.2
South,Widget D,28,16.98,475.44
West,Widget A,41,21.61,886.01
South,Widget D,82,22.98,1884.36
West,Widget D,39,17.85,696.15
East,Widget B,17,26.97,458.49
South,Widget C,54,31.38,1694.52
West,Widget C,43,44.64,1919.52
North,Gadget X,16,45.15,722.4
West,Widget C,9,19.45,175.05
West,Gadget X,47,21.05,989.35
Central,Widget A,12,16.73,200.76
East,Gadget X,2,14.18,28.36
East,Widget D,13,27.97,363.61
South,Widget A,22,48.44,1065.68
West,Widget B,13,22.81,296.53
North,Widget D,66,39.82,2628.12
West,Gadget X,82,20.85,1709.7
East,Widget C,93,47.64,4430.52
North,Widget A,35,35.52,1243.2
North,Widget A,10,48.49,484.9
East,Widget D,1,42.32,42.32
Central,Gadget X,95,47.24,4487.8
West,Gadget X,99,33.82,3348.18
South,Widget B,82,43.51,3567.82
Central,Widget D,76,34.14,2594.64
South,Widget B,76,37.75,2869.0
East,Gadget X,83,31.67,2628.61
West,Widget B,15,29.72,445.8
Central,Widget A,3,37.49,112.47
West,Widget A,51,17.52,893.52
South,Widget C,68,16.08,1093.44
North,Gadget X,31,25.62,794.22
North,Widget D,84,30.0,2520.0
Central,Gadget X,69,22.89,1579.41
East,Widget B,76,35.61,2706.36
South,Widget C,33,36.84,1215.72
West,Widget B,48,43.72,2098.56
North,Widget A,95,41.63,3954.85
North,Widget C,14,20.42,285.88
Central,Widget D,1,25.7,25.7
North,Widget A,55,46.7,2568.5
West,Widget C,100,36.63,3663.0
North,Widget C,97,27.48,2665.56
Central,Widget A,32,25.48,815.36
North,Gadget X,32,43.55,1393.6
North,Widget C,37,25.29,935.73
North,Widget C,42,10.96,460.32
South,Widget B,54,11.55,623.7
South,Widget C,76,40.02,3041.52
South,Widget C,70,19.88,1391.6
South,Widget A,54,24.32,1313.28
Central,Widget D,61,24.98,1523.78
East,Widget C,12,21.35,256.2
East,Gadget X,46,41.76,1920.96
South,Widget D,89,21.32,1897.48
Central,Widget C,99,28.29,2800.71
Central,Gadget X,61,49.1,2995.1
East,Gadget X,63,40.49,2550.87
East,Widget C,26,17.01,442.26
West,Widget D,4,42.39,169.56
South,Widget C,86,25.28,2174.08
West,Widget B,12,13.79,165.48
West,Widget A,2,34.0,68.0
North,Widget A,81,46.63,3777.03
South,Widget A,29,16.64,482.56
Central,Widget C,69,15.16,1046.04
South,Widget D,16,25.98,415.68
East,Widget A,50,26.76,1338.0
South,Widget D,56,12.87,720.72
North,Gadget X,24,27.4,657.6
East,Widget B,57,46.93,2675.01
Central,Widget A,43,10.93,469.99
East,Widget B,34,11.55,392.7
West,Widget C,40,19.51,780.4
West,Widget A,25,45.9,1147.5
Central,Widget C,5,34.27,171.35
North,Widget D,19,12.89,244.91
West,Gadget X,71,21.77,1545.67
Central,Gadget X,93,26.73,2485.89
West,Widget D,23,22.03,506.69
Central,Widget B,21,37.97,797.37
North,Gadget X,3,42.86,128.58
North,Gadget X,58,45.57,2643.06
East,Widget B,37,16.47,609.39
East,Gadget X,81,34.06,2758.86
North,Widget A,48,44.53,2137.44
North,Widget A,62,15.31,949.22
Central,Gadget X,79,17.77,1403.83
South,Widget C,10,21.12,211.2
West,Gadget X,66,28.97,1912.02
South,Widget A,37,39.41,1458.17
South,Widget D,57,10.28,585.96
Central,Widget C,37,27.97,1034.89
East,Widget C,20,16.37,327.4
East,Widget D,93,39.96,3716.28
West,Widget B,32,45.16,1445.12
North,Widget B,7,47.25,330.75
East,Widget B,41,39.89,1635.49
Central,Widget A,41,20.76,851.16
Central,Widget C,33,32.93,1086.69
West,Widget C,79,14.35,1133.65
North,Widget C,47,30.68,1441.96
South,Gadget X,52,44.29,2303.08
Central,Widget C,57,34.48,1965.36
Central,Widget C,60,11.13,667.8
East,Gadget X,79,43.36,3425.44
East,Widget D,49,28.74,1408.26
West,Widget C,81,41.03,3323.43
South,Widget A,70,15.38,1076.6
West,Gadget X,9,47.85,430.65
West,Widget D,62,35.8,2219.6
South,Widget A,20,10.87,217.4
East,Widget D,95,44.73,4249.35
East,Widget C,94,42.21,3967.74
North,Gadget X,64,40.16,2570.24
West,Widget B,56,45.91,2570.96
East,Widget D,20,40.66,813.2
West,Widget A,52,48.57,2525.64
West,Widget C,80,36.86,2948.8
West,Widget C,26,21.28,553.28
West,Widget C,8,22.72,181.76
North,Widget D,76,25.54,1941.04
North,Widget D,61,17.79,1085.19
West,Widget A,82,34.81,2854.42
South,Widget A,27,49.57,1338.39
East,Widget B,5,16.39,81.95
West,Widget D,51,24.46,1247.46
Central,Gadget X,39,39.66,1546.74
North,Widget B,4,10.57,42.28
North,Widget D,24,31.43,754.32
Central,Widget B,42,16.57,695.94
North,Widget C,83,23.4,1942.2
South,Widget D,49,11.23,550.27
North,Widget B,81,14.27,1155.87
North,Gadget X,84,39.09,3283.56
North,Gadget X,95,23.24,2207.8
South,Widget C,75,11.65,873.75
North,Widget D,51,27.54,1404.54
Central,Widget C,55,32.49,1786.95
East,Widget C,10,10.28,102.8
North,Widget B,77,14.35,1104.95
North,Gadget X,13,36.29,471.77
West,Gadget X,81,18.9,1530.9
North,Widget B,42,38.76,1627.92
South,Gadget X,84,39.36,3306.24
North,Widget C,95,49.11,4665.45
South,Gadget X,69,40.75,2811.75
West,Gadget X,86,45.55,3917.3
South,Widget D,49,41.83,2049.67
North,Widget D,48,47.69,2289.12
South,Widget D,41,20.88,856.08
Central,Widget A,97,25.12,2436.64
North,Gadget X,67,29.98,2008.66
South,Widget D,67,41.59,2786.53
North,Widget A,3,29.93,89.79
South,Gadget X,5,16.53,82.65
North,Widget D,76,11.31,859.56
North,Widget B,99,33.47,3313.53
North,Widget C,80,21.41,1712.8
South,Widget A,20,28.31,566.2
South,Widget C,93,37.96,3530.28
West,Widget A,95,23.05,2189.75
West,Gadget X,55,45.66,2511.3
South,Widget B,48,18.54,889.92
Central,Widget B,4,30.75,123.0
North,Widget C,42,35.13,1475.46
West,Widget C,80,35.85,2868.0
South,Widget B,66,38.41,2535.06
Central,Widget D,58,27.95,1621.1
East,Widget D,69,45.9,3167.1
East,Gadget X,12,32.5,390.0
East,Widget A,77,27.36,2106.72
East,Widget A,20,36.48,729.6
West,Gadget X,23,23.31,536.13
South,Widget A,26,34.87,906.62
Central,Widget A,59,40.52,2390.68
West,Widget C,38,10.8,410.4
North,Widget A,98,24.85,2435.3
Central,Gadget X,41,46.48,1905.68
Central,Gadget X,83,42.18,3500.94
West,Widget A,5,30.78,153.9
North,Widget C,60,42.88,2572.8
Central,Widget A,75,26.49,1986.75
West,Widget D,97,47.24,4582.28
Central,Widget C,54,33.17,1791.18
West,Widget C,56,19.63,1099.28
West,Widget A,69,45.86,3164.34
East,Widget C,84,34.43,2892.12
Central,Widget A,68,32.09,2182.12
West,Widget C,67,32.47,2175.49
West,Widget D,72,20.5,1476.0
West,Widget C,47,26.38,1239.86
South,Widget B,61,17.66,1077.26
Central,Widget B,44,37.7,1658.8
North,Widget A,99,42.25,4182.75
Central,Gadget X,7,33.51,234.57
Central,Widget C,68,47.19,3208.92
South,Widget D,23,21.12,485.76
East,Widget B,3,43.18,129.54
West,Widget C,49,44.4,2175.6
Central,Widget A,54,28.47,1537.38
North,Widget D,28,21.47,601.16
Central,Widget C,72,21.35,1537.2
South,Widget A,4,15.31,61.24
South,Widget C,31,26.33,816.23
South,Widget B,69,32.62,2250.78
Central,Widget B,19,12.12,230.28
South,Widget B,87,13.66,1188.42
North,Widget C,12,34.16,409.92
West,Widget A,72,11.43,822.96
East,Widget A,36,14.78,532.08
West,Widget B,59,20.12,1187.08
Central,Widget A,98,33.98,3330.04
North,Widget C,93,25.14,2338.02
West,Gadget X,86,24.78,2131.08
South,Widget C,11,48.34,531.74
South,Widget A,64,43.7,2796.8
North,Widget D,79,10.07,795.53
East,Widget D,21,48.14,1010.94
East,Widget B,43,28.43,1222.49
South,Widget B,46,45.5,2093.0
East,Widget D,18,33.86,609.48
East,Gadget X,11,22.77,250.47
Central,Widget D,98,35.45,3474.1
East,Widget C,46,39.28,1806.88
West,Widget D,76,43.39,3297.64
South,Widget C,31,28.36,879.16
South,Widget B,8,12.34,98.72
North,Widget C,69,31.11,2146.59
North,Widget B,5,39.54,197.7
West,Widget B,72,20.06,1444.32
Central,Widget B,62,46.24,2866.88
South,Widget D,49,34.37,1684.13
Central,Widget A,68,33.93,2307.24
South,Gadget X,65,42.4,2756.0
South,Widget A,64,45.7,2924.8
West,Gadget X,11,28.67,315.37
East,Widget B,63,44.25,2787.75
Central,Gadget X,85,10.93,929.05
Central,Gadget X,63,49.72,3132.36
West,Widget C,14,48.56,679.84
West,Widget A,82,37.61,3084.02
Central,Widget A,100,41.7,4170.0
East,Widget B,45,32.4,1458.0
South,Widget B,19,17.13,325.47
North,Widget D,32,41.6,1331.2
West,Widget C,53,14.09,746.77
Central,Widget D,80,17.25,1380.0
West,Widget A,39,24.84,968.76
West,Widget D,62,22.68,1406.16
West,Widget C,23,48.61,1118.03
East,Widget A,27,20.47,552.69
West,Widget B,64,13.9,889.6
South,Widget B,50,49.53,2476.5
North,Widget D,67,25.53,1710.51
West,Widget B,27,25.1,677.7
East,Widget D,43,23.36,1004.48
North,Widget B,11,30.7,337.7
East,Widget A,76,28.13,2137.88
East,Widget B,15,38.83,582.45
South,Widget A,100,39.34,3934.0
North,Widget D,30,19.07,572.1
Central,Widget C,50,33.71,1685.5
North,Widget A,82,40.23,3298.86
Central,Widget A,64,37.85,2422.4
West,Widget C,76,28.09,2134.84
South,Gadget X,94,38.02,3573.88
East,Widget D,49,39.42,1931.58
West,Widget A,80,24.47,1957.6
Central,Widget A,20,17.03,340.6
South,Widget B,41,43.09,1766.69
East,Widget B,19,48.71,925.49
Central,Gadget X,73,32.99,2408.27
Central,Widget A,83,36.63,3040.29
North,Widget C,14,44.6,624.4
Central,Widget C,56,37.64,2107.84
South,Widget C,75,45.53,3414.75
West,Widget B,82,34.6,2837.2
East,Widget B,21,17.03,357.63
Central,Gadget X,88,43.31,3811.28
East,Gadget X,33,39.07,1289.31
East,Widget D,74,33.44,2474.56
North,Widget D,58,24.74,1434.92
East,Widget A,73,44.96,3282.08
West,Widget B,39,33.55,1308.45
East,Widget C,63,36.26,2284.38
Central,Widget B,90,46.55,4189.5
West,Gadget X,66,23.29,1537.14
North,Widget C,40,48.99,1959.6
West,Widget D,61,14.58,889.38
West,Widget A,55,39.22,2157.1
South,Widget B,59,42.86,2528.74
North,Widget D,17,13.18,224.06
Central,Widget C,22,30.93,680.46
East,Widget D,78,40.47,3156.66
Central,Gadget X,52,11.51,598.52
North,Widget A,85,21.69,1843.65
North,Widget C,21,15.98,335.58
South,Widget B,71,48.43,3438.53
South,Widget B,24,28.88,693.12
South,Widget A,99,14.52,1437.48
West,Widget B,68,10.07,684.76
East,Widget A,89,43.53,3874.17
Central,Widget B,88,38.87,3420.56
South,Widget C,10,14.08,140.8
East,Widget B,18,47.17,849.06
East,Gadget X,71,19.94,1415.74
West,Gadget X,84,42.52,3571.68
Central,Widget A,24,14.46,347.04
North,Widget C,42,48.44,2034.48
North,Widget D,33,23.39,771.87
Central,Widget D,81,47.48,3845.88
South,Widget B,84,37.34,3136.56
East,Gadget X,59,42.24,2492.16
East,Widget B,13,14.28,185.64
South,Gadget X,36,15.07,542.52
South,Widget B,46,41.34,1901.64
West,Widget B,76,45.69,3472.44
South,Widget B,80,45.38,3630.4
North,Gadget X,98,35.09,3438.82
West,Widget B,91,38.29,3484.39
West,Widget C,47,17.17,806.99
West,Widget C,81,41.96,3398.76
Central,Widget B,79,32.49,2566.71
East,Widget C,30,24.48,734.4
North,Widget A,33,32.15,1060.95
North,Gadget X,32,19.69,630.08
North,Widget C,88,20.28,1784.64
Central,Gadget X,50,14.83,741.5
East,Widget C,67,26.3,1762.1
Central,Gadget X,95,35.95,3415.25
West,Widget A,68,46.41,3155.88
East,Widget A,37,39.47,1460.39
South,Widget B,53,33.44,1772.32
East,Widget A,59,22.98,1355.82
Central,Widget B,50,40.71,2035.5
West,Widget D,65,30.13,1958.45
South,Gadget X,8,27.25,218.0
North,Widget D,72,24.76,1782.72
South,Widget C,97,44.93,4358.21
Central,Widget A,49,39.63,1941.87
South,Widget C,46,32.66,1502.36
West,Gadget X,17,46.38,788.46
Central,Widget C,60,11.57,694.2
South,Gadget X,18,36.9,664.2
West,Widget B,69,48.94,3376.86
North,Widget D,67,15.89,1064.63
South,Widget A,92,33.87,3116.04
North,Widget D,55,27.03,1486.65
North,Widget C,29,16.96,491.84
Central,Widget B,38,40.06,1522.28
West,Widget C,81,46.98,3805.38
North,Widget A,55,47.89,2633.95
East,Widget C,98,20.13,1972.74
East,Widget B,2,24.18,48.36
South,Widget B,11,23.75,261.25
West,Gadget X,60,16.56,993.6
North,Gadget X,73,39.6,2890.8
North,Widget C,74,37.77,2794.98
East,Gadget X,73,22.08,1611.84
West,Widget D,74,14.63,1082.62
Central,Widget D,26,26.65,692.9
South,Widget A,14,15.84,221.76
North,Widget B,58,10.35,600.3
East,Widget D,8,34.65,277.2
East,Gadget X,40,19.2,768.0
Central,Widget D,39,21.11,823.29
North,Widget D,81,49.28,3991.68
North,Widget D,93,31.5,2929.5
Central,Gadget X,14,12.31,172.34
South,Widget A,81,46.2,3742.2
North,Widget D,4,12.56,50.24
West,Widget C,70,47.29,3310.3
Central,Gadget X,74,23.3,1724.2
West,Widget C,67,34.53,2313.51
West,Widget B,59,18.83,1110.97
North,Widget B,50,11.81,590.5
North,Gadget X,46,11.73,539.58
Central,Gadget X,85,33.59,2855.15
Central,Gadget X,37,12.99,480.63
North,Widget C,20,13.82,276.4
Central,Widget B,53,18.84,998.52
South,Widget D,21,33.11,695.31
Central,Gadget X,49,44.22,2166.78
North,Widget C,64,25.77,1649.28
North,Widget A,24,15.14,363.36
South,Widget B,84,32.43,2724.12
North,Widget A,19,31.14,591.66
North,Widget A,98,10.31,1010.38
Central,Widget A,98,45.31,4440.38
South,Widget B,3,14.37,43.11
Central,Widget C,82,22.67,1858.94
South,Widget B,59,34.98,2063.82
North,Widget B,64,14.8,947.2
West,Widget D,93,29.77,2768.61
Central,Widget A,84,25.35,2129.4
East,Widget C,20,19.16,383.2
Central,Widget A,30,13.56,406.8
West,Widget D,27,42.33,1142.91
Central,Gadget X,50,14.21,710.5
West,Widget A,97,44.57,4323.29
West,Widget B,82,17.05,1398.1
East,Gadget X,9,19.12,172.08
West,Gadget X,47,31.41,1476.27
Central,Widget A,8,17.69,141.52
East,Gadget X,76,40.13,3049.88
North,Widget B,39,25.86,1008.54
East,Widget A,2,12.09,24.18
Central,Widget A,18,19.2,345.6
North,Widget D,23,34.08,783.84
West,Widget B,79,35.67,2817.93
Central,Widget A,36,12.35,444.6
South,Widget A,95,42.62,4048.9
West,Widget B,23,47.72,1097.56
North,Gadget X,46,46.4,2134.4
North,Widget D,10,27.25,272.5
Central,Gadget X,86,46.21,3974.06
East,Gadget X,64,22.98,1470.72
South,Gadget X,81,14.93,1209.33
North,Widget B,98,39.71,3891.58
West,Widget A,77,25.78,1985.06
Central,Widget D,65,48.33,3141.45
Central,Widget B,70,41.04,2872.8
West,Widget B,38,10.51,399.38
West,Gadget X,61,13.88,846.68
East,Widget B,14,21.82,305.48
North,Widget B,27,43.57,1176.39
East,Widget C,63,33.43,2106.09
East,Widget A,21,35.74,750.54
Central,Widget D,7,47.79,334.53
South,Widget D,74,32.8,2427.2
North,Widget C,24,39.6,950.4
North,Widget B,55,20.51,1128.05
Central,Gadget X,50,21.17,1058.5
West,Gadget X,49,40.34,1976.66
West,Widget B,23,10.89,250.47
South,Widget B,57,24.68,1406.76
South,Widget C,52,49.78,2588.56
West,Widget D,32,25.19,806.08
Central,Widget B,69,48.53,3348.57
North,Widget D,73,36.42,2658.66
North,Widget D,12,18.13,217.56
West,Widget B,43,29.64,1274.52
Central,Widget A,69,12.88,888.72
Central,Widget B,24,19.99,479.76
North,Widget C,85,13.62,1157.7
East,Gadget X,80,11.28,902.4
North,Gadget X,62,49.13,3046.06
South,Widget D,21,20.72,435.12
North,Widget A,74,10.21,755.54
East,Widget A,15,24.64,369.6
West,Widget A,53,30.46,1614.38
East,Gadget X,37,41.58,1538.46
East,Widget A,29,21.82,632.78
West,Widget C,24,20.17,484.08
East,Widget D,34,26.12,888.08
North,Gadget X,60,18.48,1108.8
South,Widget C,16,37.24,595.84
South,Widget D,22,29.35,645.7
East,Widget B,22,46.62,1025.64
East,Widget C,30,21.33,639.9
West,Gadget X,83,18.57,1541.31
West,Widget C,51,35.82,1826.82
South,Widget B,36,20.76,747.36
North,Gadget X,17,41.5,705.5
Central,Widget B,59,37.95,2239.05
South,Gadget X,23,33.32,766.36
Central,Widget C,10,25.07,250.7
East,Widget C,40,37.42,1496.8
South,Gadget X,59,17.14,1011.26
East,Widget A,46,29.46,1355.16
North,Gadget X,44,17.62,775.28
Central,Widget A,83,40.4,3353.2
Central,Widget B,2,37.83,75.66
Central,Widget B,94,29.46,2769.24
West,Gadget X,100,49.02,4902.0
North,Widget D,5,43.44,217.2
North,Gadget X,65,17.52,1138.8
West,Widget A,74,46.1,3411.4
West,Widget C,56,46.6,2609.6
South,Widget C,33,14.54,479.82
North,Widget A,73,30.8,2248.4
Central,Widget B,49,31.74,1555.26
North,Widget A,16,13.17,210.72
North,Gadget X,71,49.58,3520.18
North,Widget C,11,27.51,302.61
Central,Widget A,96,36.63,3516.48
West,Widget A,19,18.78,356.82
North,Gadget X,25,33.42,835.5
West,Widget C,4,33.87,135.48
Central,Widget D,97,15.22,1476.34
Central,Widget A,7,34.14,238.98
East,Widget C,13,19.86,258.18
West,Widget D,2,41.32,82.64
Central,Widget A,1,29.34,29.34
North,Widget D,11,24.67,271.37
Central,Widget D,93,27.31,2539.83
South,Widget D,27,15.35,414.45
East,Gadget X,74,37.4,2767.6
Central,Widget B,4,38.99,155.96
East,Widget C,21,11.19,234.99
South,Widget B,27,27.0,729.0
Central,Widget A,9,11.09,99.81
North,Widget D,47,16.01,752.47
North,Gadget X,21,30.39,638.19
Central,Widget A,93,37.11,3451.23
North,Widget A,27,41.41,1118.07
South,Widget D,38,46.47,1765.86
South,Widget A,38,31.85,1210.3
West,Widget D,58,47.08,2730.64
East,Widget A,37,38.31,1417.47
East,Widget B,37,29.73,1100.01
East,Widget A,5,25.71,128.55
West,Gadget X,53,35.82,1898.46
South,Widget D,65,32.06,2083.9
South,Widget D,76,11.49,873.24
Central,Widget D,100,36.28,3628.0
North,Widget C,75,38.64,2898.0
East,Gadget X,36,13.39,482.04
South,Widget D,24,19.64,471.36
North,Widget D,83,32.56,2702.48
East,Widget B,61,48.65,2967.65
North,Widget D,19,16.03,304.57
West,Widget D,100,11.78,1178.0
East,Widget D,51,33.7,1718.7
East,Widget D,56,27.0,1512.0
North,Widget B,46,37.34,1717.64
West,Widget A,42,36.97,1552.74
South,Gadget X,30,14.45,433.5
North,Gadget X,42,25.63,1076.46
Central,Widget C,69,17.75,1224.75
West,Widget D,78,48.22,3761.16
South,Gadget X,10,41.01,410.1
East,Gadget X,71,15.97,1133.87
North,Widget D,76,31.4,2386.4
North,Widget C,87,34.19,2974.53
East,Widget B,13,11.81,153.53
North,Widget A,40,47.82,1912.8
North,Widget A,81,32.26,2613.06
North,Widget A,53,20.33,1077.49
Central,Widget A,97,43.95,4263.15
Central,Widget D,57,16.34,931.38
North,Widget A,20,25.58,511.6
East,Widget C,26,45.84,1191.84
West,Widget B,41,42.4,1738.4
South,Widget D,93,46.93,4364.49
Central,Widget B,66,37.25,2458.5
West,Widget A,67,39.38,2638.46
South,Widget A,12,19.82,237.84
Central,Widget B,33,10.32,340.56
North,Widget A,17,15.53,264.01
Central,Widget C,73,17.09,1247.57
North,Gadget X,78,38.25,2983.5
West,Widget A,70,35.83,2508.1
South,Widget A,29,14.99,434.71
West,Widget D,10,22.28,222.8
East,Widget A,48,27.71,1330.08
East,Widget B,85,24.89,2115.65
North,Widget C,58,46.14,2676.12
South,Widget C,23,29.46,677.58
East,Widget A,88,30.08,2647.04
East,Widget C,78,20.31,1584.18
Central,Widget C,83,36.73,3048.59
South,Widget A,97,21.15,2051.55
North,Widget C,6,40.01,240.06
Central,Widget A,3,45.77,137.31
Central,Widget B,67,49.69,3329.23
West,Widget B,35,27.58,965.3
West,Widget C,48,36.52,1752.96
East,Widget A,63,13.77,867.51
East,Widget D,100,35.45,3545.0
Central,Widget B,76,41.76,3173.76
East,Widget C,79,45.12,3564.48
South,Widget B,88,27.54,2423.52
North,Widget B,72,30.81,2218.32
North,Widget B,57,35.72,2036.04
West,Gadget X,36,34.97,1258.92
East,Gadget X,93,19.78,1839.54
East,Widget A,53,22.2,1176.6
East,Gadget X,99,15.62,1546.38
Central,Gadget X,71,36.78,2611.38
East,Widget C,78,24.98,1948.44
Central,Gadget X,74,23.34,1727.16
South,Widget B,11,41.39,455.29
North,Widget B,17,37.24,633.08
Central,Widget C,37,14.1,521.7
Central,Widget C,92,12.97,1193.24
South,Widget C,39,24.13,941.07
South,Widget B,23,28.46,654.58
Central,Widget B,89,29.09,2589.01
East,Widget A,66,15.49,1022.34
North,Widget A,33,31.59,1042.47
Central,Widget D,78,41.29,3220.62
West,Widget D,10,25.81,258.1
East,Gadget X,11,21.93,241.23
South,Widget C,96,15.18,1457.28
West,Gadget X,8,14.03,112.24
North,Widget C,23,17.27,397.21
South,Widget B,80,34.82,2785.6
West,Widget D,27,13.36,360.72
South,Widget A,21,44.5,934.5
Central,Widget A,23,10.95,251.85
West,Widget B,28,11.7,327.6
East,Widget C,2,40.37,80.74
South,Widget D,98,35.88,3516.24
Central,Widget B,55,40.81,2244.55
Central,Widget D,41,40.85,1674.85
North,Widget B,23,47.54,1093.42
Central,Widget C,69,33.97,2343.93
South,Gadget X,39,42.5,1657.5
East,Widget A,34,21.17,719.78
South,Widget A,69,17.62,1215.78
East,Gadget X,72,46.34,3336.48
Central,Widget A,81,12.85,1040.85
North,Widget A,52,36.5,1898.0
East,Widget B,100,28.35,2835.0
East,Widget C,12,23.13,277.56
North,Widget C,32,39.71,1270.72
West,Widget C,3,44.36,133.08
West,Widget D,8,36.7,293.6
North,Widget A,61,27.0,1647.0
South,Widget A,91,21.06,1916.46
West,Gadget X,27,29.49,796.23
North,Widget C,78,14.52,1132.56
South,Widget D,80,26.84,2147.2
West,Widget D,17,43.52,739.84
South,Widget D,50,38.98,1949.0
East,Widget D,16,12.83,205.28
North,Widget A,77,46.03,3544.31
West,Widget C,94,21.61,2031.34
North,Widget D,95,25.65,2436.75
East,Gadget X,7,25.34,177.38
East,Gadget X,87,24.51,2132.37
North,Widget B,6,38.33,229.98
East,Widget C,55,34.35,1889.25
North,Widget B,78,42.91,3346.98
South,Widget B,88,29.03,2554.64
South,Widget A,61,10.17,620.37
Central,Gadget X,27,48.13,1299.51
West,Widget A,66,20.44,1349.04
North,Gadget X,40,39.15,1566.0
East,Widget A,52,19.03,989.56
West,Widget D,44,10.36,455.84
North,Widget B,50,15.25,762.5
Central,Gadget X,14,41.47,580.58
East,Widget B,71,46.66,3312.86
East,Widget D,44,46.42,2042.48
West,Widget C,92,28.83,2652.36
South,Gadget X,63,15.09,950.67
North,Widget D,96,48.85,4689.6
Central,Gadget X,10,25.55,255.5
West,Widget A,90,20.51,1845.9
East,Widget B,47,45.45,2136.15
Central,Widget C,45,15.93,716.85
South,Widget B,51,46.95,2394.45
East,Widget D,33,41.87,1381.71
East,Widget D,10,24.39,243.9
Central,Gadget X,54,41.45,2238.3
West,Widget B,99,45.45,4499.55
West,Widget A,27,31.9,861.3
South,Widget C,58,30.23,1753.34
Central,Widget A,55,41.37,2275.35
North,Widget B,68,33.77,2296.36
West,Gadget X,20,45.37,907.4
South,Widget D,39,19.68,767.52
Central,Widget D,13,40.16,522.08
Central,Gadget X,95,44.58,4235.1
South,Widget B,55,23.46,1290.3
South,Widget B,30,20.74,622.2
East,Widget D,79,17.84,1409.36
South,Widget C,29,18.85,546.65
East,Widget D,12,47.52,570.24
North,Widget A,73,25.57,1866.61
North,Widget A,94,20.19,1897.86
West,Widget C,7,24.53,171.71
South,Widget A,98,13.42,1315.16
Central,Widget A,68,27.62,1878.16
East,Widget A,53,47.49,2516.97
North,Gadget X,7,48.98,342.86
West,Widget D,28,14.22,398.16
East,Widget A,10,39.59,395.9
Central,Widget C,91,41.79,3802.89
South,Widget A,67,40.81,2734.27
South,Widget B,80,24.57,1965.6
East,Gadget X,52,32.6,1695.2
Central,Widget D,90,40.9,3681.0
South,Widget B,57,29.01,1653.57
East,Widget C,23,41.27,949.21
North,Gadget X,51,44.12,2250.12
Central,Widget A,45,44.94,2022.3
West,Widget D,3,37.32,111.96
South,Widget C,15,41.99,629.85
Central,Widget D,52,23.64,1229.28
East,Widget B,35,24.16,845.6
Central,Gadget X,42,27.82,1168.44
Central,Widget D,52,13.61,707.72
Central,Widget A,28,42.25,1183.0
West,Widget C,4,32.68,130.72
Central,Widget C,79,47.68,3766.72
North,Widget B,8,35.45,283.6
Central,Widget D,80,22.74,1819.2
East,Gadget X,23,13.31,306.13
North,Widget C,59,23.12,1364.08
North,Widget A,58,47.79,2771.82
South,Widget B,62,29.62,1836.44
Central,Widget A,27,22.72,613.44
Central,Widget B,96,21.99,2111.04
West,Gadget X,66,34.45,2273.7
Central,Widget B,91,16.48,1499.68
North,Widget C,55,39.42,2168.1
North,Widget A,10,33.4,334.0
South,Widget A,92,43.1,3965.2
South,Widget C,89,27.46,2443.94
North,Widget D,38,36.5,1387.0
East,Widget D,35,22.91,801.85
East,Widget D,78,16.57,1292.46
South,Widget C,37,17.65,653.05
West,Gadget X,95,41.11,3905.45
Central,Widget D,19,16.83,319.77
South,Widget B,30,26.4,792.0
Central,Gadget X,53,39.44,2090.32
Central,Gadget X,57,27.92,1591.44
North,Widget B,67,17.61,1179.87
Central,Widget A,26,28.62,744.12
Central,Widget C,69,11.54,796.26
North,Widget A,16,18.1,289.6
North,Widget A,93,36.89,3430.77
North,Widget B,8,48.03,384.24
North,Widget B,38,24.33,924.54
East,Widget C,37,22.95,849.15
East,Widget D,2,12.49,24.98
East,Widget D,20,30.78,615.6
East,Gadget X,44,24.81,1091.64
East,Widget A,43,24.69,1061.67
East,Gadget X,9,34.61,311.49
North,Widget C,84,38.02,3193.68
South,Widget B,2,31.65,63.3
East,Widget C,25,30.9,772.5
North,Widget C,1,49.71,49.71
East,Gadget X,87,46.31,4028.97
South,Widget B,4,28.07,112.28
Central,Widget C,5,32.52,162.6
South,Widget B,98,40.78,3996.44
North,Widget A,28,14.4,403.2
North,Widget B,64,49.83,3189.12
North,Widget C,91,28.42,2586.22
Central,Widget D,60,47.31,2838.6
Central,Widget A,41,47.4,1943.4
East,Widget A,85,21.12,1795.2
West,Widget B,91,42.35,3853.85
North,Widget C,50,39.54,1977.0
South,Widget A,15,40.62,609.3
South,Widget B,1,29.67,29.67
South,Widget B,10,15.32,153.2
West,Widget D,36,39.58,1424.88
East,Widget C,54,32.84,1773.36
North,Widget B,65,12.84,834.6
East,Gadget X,24,11.79,282.96
South,Widget A,84,43.85,3683.4
West,Widget D,85,24.73,2102.05
North,Widget B,84,45.45,3817.8
North,Gadget X,58,49.88,2893.04
South,Widget A,94,33.23,3123.62
West,Widget A,4,28.01,112.04
Central,Widget D,43,10.62,456.66
South,Gadget X,65,39.78,2585.7
East,Widget A,46,42.14,1938.44
West,Widget A,82,10.3,844.6
North,Widget C,89,39.42,3508.38
Central,Widget A,80,26.46,2116.8
South,Gadget X,58,12.52,726.16
Central,Widget D,41,27.77,1138.57
Central,Widget C,49,33.82,1657.18
West,Widget B,78,16.09,1255.02
Central,Widget D,4,17.43,69.72
South,Widget B,58,15.48,897.84
West,Widget B,53,41.72,2211.16
North,Widget D,39,25.14,980.46
East,Widget D,94,43.15,4056.1
South,Widget D,83,27.83,2309.89
South,Gadget X,30,46.88,1406.4
West,Gadget X,40,17.81,712.4
Central,Widget D,21,44.16,927.36
East,Gadget X,34,44.44,1510.96
South,Widget B,22,34.48,758.56
Central,Gadget X,94,42.29,3975.26
Central,Gadget X,48,38.55,1850.4
West,Gadget X,16,28.24,451.84
North,Gadget X,9,41.87,376.83
West,Widget A,82,27.84,2282.88
West,Widget A,71,42.92,3047.32
South,Widget D,94,13.23,1243.62
North,Widget D,21,29.57,620.97
North,Widget D,51,23.2,1183.2
North,Widget C,22,21.44,471.68
Central,Widget C,14,34.04,476.56
Central,Widget C,14,11.02,154.28
West,Widget C,50,15.59,779.5
West,Widget A,86,29.05,2498.3
South,Widget A,54,23.09,1246.86
North,Gadget X,63,25.38,1598.94
South,Widget C,84,34.97,2937.48
Central,Widget B,35,47.63,1667.05
South,Widget C,82,46.74,3832.68
South,Widget C,35,49.46,1731.1
North,Widget D,62,21.52,1334.24
Central,Widget C,69,27.42,1891.98
West,Widget B,22,36.45,801.9
South,Widget A,29,41.01,1189.29
South,Widget B,52,30.56,1589.12
North,Widget D,89,32.32,2876.48
West,Gadget X,95,39.71,3772.45
East,Widget D,59,46.54,2745.86
North,Widget B,34,23.65,804.1
South,Widget D,20,35.44,708.8
South,Widget A,30,26.64,799.2
South,Widget A,40,13.28,531.2
South,Gadget X,66,34.64,2286.24
North,Widget D,85,37.65,3200.25
East,Widget D,2,37.84,75.68
North,Gadget X,38,13.75,522.5
East,Widget B,66,15.36,1013.76
Central,Widget B,68,21.59,1468.12
Central,Widget B,28,23.08,646.24
South,Widget C,7,18.62,130.34
West,Widget A,57,17.32,987.24
West,Widget D,82,17.79,1458.78
East,Gadget X,75,38.24,2868.0
North,Widget D,44,23.45,1031.8
Central,Widget B,71,41.55,2950.05
West,Widget B,85,20.11,1709.35
North,Widget D,55,17.64,970.2
Central,Widget A,6,44.49,266.94
East,Widget C,21,39.22,823.62
North,Widget D,36,42.78,1540.08
Central,Gadget X,4,43.44,173.76
North,Widget D,15,28.06,420.9
North,Widget B,22,13.73,302.06
North,Widget D,14,10.38,145.32
South,Widget D,74,25.14,1860.36
South,Widget B,52,46.72,2429.44
Central,Widget C,40,40.96,1638.4
Central,Widget A,54,21.9,1182.6
South,Widget B,25,40.12,1003.0
East,Widget C,56,36.26,2030.56
Central,Gadget X,47,15.88,746.36
West,Gadget X,84,36.31,3050.04
North,Widget D,89,15.4,1370.6
Central,Widget B,37,42.67,1578.79
East,Widget A,60,19.26,1155.6
Central,Gadget X,20,12.05,241.0
North,Widget D,27,37.95,1024.65
Central,Widget C,39,10.12,394.68
North,Widget A,91,14.2,1292.2
South,Widget B,46,35.42,1629.32
West,Gadget X,82,45.28,3712.96
West,Widget D,90,28.67,2580.3
North,Widget C,22,26.86,590.92
South,Widget A,42,42.68,1792.56
East,Widget D,6,46.31,277.86
West,Widget C,93,47.36,4404.48
Central,Widget D,30,18.3,549.0
Central,Widget B,23,45.58,1048.34
East,Widget D,70,33.35,2334.5
South,Widget B,95,36.33,3451.35
East,Widget C,89,46.17,4109.13
West,Widget A,58,21.11,1224.38
West,Widget D,31,48.32,1497.92
West,Widget B,62,13.57,841.34
East,Gadget X,59,20.67,1219.53
West,Gadget X,61,10.38,633.18
North,Widget B,43,18.69,803.67
East,Widget D,91,44.9,4085.9
North,Gadget X,13,25.54,332.02
East,Widget B,67,12.25,820.75
Central,Widget D,14,28.43,398.02
West,Widget A,53,45.3,2400.9
South,Widget B,71,43.89,3116.19
North,Widget D,63,33.65,2119.95
Central,Widget C,83,20.6,1709.8
South,Gadget X,39,29.48,1149.72
North,Widget B,77,22.21,1710.17
West,Widget C,68,48.58,3303.44
Central,Gadget X,99,18.09,1790.91
Central,Gadget X,88,21.25,1870.0
East,Widget B,100,22.58,2258.0
East,Gadget X,34,20.71,704.14
North,Widget C,65,39.31,2555.15
West,Widget B,10,35.12,351.2
East,Widget B,81,37.58,3043.98
West,Widget A,93,17.24,1603.32
Central,Widget C,55,31.95,1757.25
East,Widget C,81,12.16,984.96
East,Widget C,97,40.6,3938.2
West,Widget B,95,34.94,3319.3
South,Gadget X,77,37.75,2906.75
East,Gadget X,88,41.86,3683.68
Central,Widget D,54,49.99,2699.46
East,Gadget X,97,37.18,3606.46
East,Gadget X,6,40.11,240.66
South,Gadget X,14,45.17,632.38
North,Widget D,58,22.86,1325.88
North,Widget A,87,43.71,3802.77
Central,Gadget X,54,25.69,1387.26
East,Widget C,39,13.99,545.61
East,Widget A,2,12.46,24.92
Central,Widget B,88,48.24,4245.12
South,Gadget X,78,38.96,3038.88
South,Widget B,41,23.35,957.35
Central,Widget C,84,16.32,1370.88
South,Widget A,64,37.84,2421.76
East,Gadget X,42,36.74,1543.08
Central,Widget B,59,17.2,1014.8
Central,Widget A,56,26.58,1488.48
North,Widget C,91,24.9,2265.9
South,Gadget X,87,44.34,3857.58
East,Widget B,62,43.23,2680.26
West,Gadget X,83,42.7,3544.1
South,Widget D,72,11.06,796.32
Central,Widget A,23,23.53,541.19
West,Gadget X,21,49.28,1034.88
East,Widget B,15,38.72,580.8
East,Widget A,71,43.49,3087.79
North,Gadget X,32,16.27,520.64
East,Gadget X,12,29.67,356.04
West,Gadget X,53,16.63,881.39
East,Gadget X,29,40.14,1164.06
South,Widget A,2,47.43,94.86
North,Widget C,51,30.34,1547.34
East,Widget C,27,49.9,1347.3
South,Widget A,86,31.18,2681.48
North,Widget C,37,28.23,1044.51
East,Widget C,13,38.0,494.0
East,Widget A,99,35.52,3516.48
South,Widget C,26,46.27,1203.02
West,Widget D,87,49.69,4323.03
Central,Widget A,24,16.12,386.88
North,Widget B,51,39.74,2026.74
South,Widget B,20,42.79,855.8
North,Widget C,2,43.08,86.16
North,Widget A,74,19.52,1444.48
East,Gadget X,86,26.27,2259.22
North,Widget C,50,49.26,2463.0
East,Widget A,2,17.67,35.34
Central,Widget C,69,19.3,1331.7
South,Gadget X,26,39.39,1024.14
South,Widget B,32,31.86,1019.52
South,Widget D,41,36.47,1495.27
South,Widget D,82,29.44,2414.08
Central,Widget A,69,34.01,2346.69
Central,Widget D,86,23.96,2060.56
South,Widget B,12,39.46,473.52
West,Widget C,44,43.9,1931.6
Central,Gadget X,40,24.13,965.2
North,Gadget X,76,37.79,2872.04
North,Widget C,31,12.31,381.61
North,Widget C,27,25.0,675.0
West,Widget B,30,32.47,974.1
North,Widget B,27,15.94,430.38
North,Widget D,79,35.29,2787.91
South,Widget D,12,21.86,262.32
West,Widget D,70,49.03,3432.1
Central,Widget D,28,30.03,840.84
West,Widget C,84,25.2,2116.8
West,Widget C,90,12.34,1110.6
West,Widget D,93,41.52,3861.36
East,Widget B,14,25.17,352.38
North,Widget D,74,48.5,3589.0
North,Widget D,19,12.59,239.21
South,Gadget X,34,31.76,1079.84
North,Widget D,54,11.89,642.06
East,Widget B,4,24.09,96.36
Central,Widget B,44,35.82,1576.08
East,Gadget X,87,42.66,3711.42
Central,Gadget X,95,38.43,3650.85
West,Widget A,71,39.51,2805.21
West,Widget B,92,23.59,2170.28
Central,Gadget X,58,29.25,1696.5
North,Gadget X,17,45.53,774.01
West,Gadget X,25,38.97,974.25
South,Widget A,1,42.61,42.61
East,Widget A,56,46.66,2612.96
South,Widget C,79,12.7,1003.3
East,Gadget X,80,18.71,1496.8
West,Widget A,2,37.57,75.14
South,Widget B,98,12.83,1257.34
North,Widget B,46,31.28,1438.88
West,Widget C,57,15.53,885.21
South,Gadget X,73,16.79,1225.67
South,Widget C,84,12.92,1085.28
Central,Gadget X,96,31.5,3024.0
North,Gadget X,64,34.55,2211.2
Central,Widget C,72,48.01,3456.72
West,Widget B,8,11.25,90.0
South,Widget D,44,40.25,1771.0
Central,Widget C,22,36.27,797.94
West,Widget D,3,31.46,94.38
West,Widget B,76,30.72,2334.72
South,Gadget X,21,40.29,846.09
Central,Widget D,97,38.81,3764.57
Central,Gadget X,57,10.51,599.07
West,Widget C,98,36.75,3601.5
South,Widget D,96,31.77,3049.92
Central,Widget D,28,19.03,532.84
West,Widget B,79,13.13,1037.27
North,Widget D,52,45.37,2359.24
North,Widget A,6,29.82,178.92
East,Gadget X,82,27.94,2291.08
South,Widget B,48,20.17,968.16
East,Widget B,53,43.31,2295.43
South,Widget D,95,35.66,3387.7
Central,Gadget X,13,18.64,242.32
West,Widget A,8,38.62,308.96
Central,Widget D,57,23.55,1342.35
Central,Widget C,20,25.4,508.0
East,Widget A,5,18.86,94.3
Central,Gadget X,54,15.38,830.52
North,Widget D,35,40.26,1409.1
West,Gadget X,71,25.73,1826.83
North,Widget C,31,30.43,943.33
Central,Widget A,98,15.69,1537.62
West,Widget B,24,13.74,329.76
Central,Widget D,10,48.8,488.0
North,Widget C,3,19.42,58.26
South,Widget A,36,20.96,754.56
Central,Widget B,20,11.67,233.4
Central,Widget B,50,28.79,1439.5
Central,Widget D,100,38.73,3873.0
Central,Gadget X,97,41.57,4032.29
South,Widget D,47,16.7,784.9
West,Widget C,13,19.16,249.08
South,Widget C,13,33.15,430.95
Central,Widget C,92,11.01,1012.92
East,Widget B,100,48.21,4821.0
East,Widget C,52,31.64,1645.28
North,Widget A,65,49.65,3227.25
South,Widget A,95,32.69,3105.55
South,Widget B,62,38.46,2384.52
East,Gadget X,80,34.47,2757.6
Central,Widget A,87,22.88,1990.56
South,Gadget X,25,40.42,1010.5
East,Widget C,11,29.39,323.29
East,Gadget X,33,41.31,1363.23
West,Widget B,73,18.6,1357.8
North,Widget C,55,29.04,1597.2
West,Widget C,43,29.26,1258.18
East,Widget C,6,28.23,169.38
North,Widget A,5,27.26,136.3
North,Widget C,75,28.53,2139.75
Central,Widget D,16,18.1,289.6
North,Widget B,99,20.48,2027.52
South,Widget C,17,14.09,239.53
Central,Gadget X,15,45.28,679.2
West,Gadget X,18,16.2,291.6
South,Widget C,89,33.99,3025.11
South,Widget B,86,12.36,1062.96
South,Widget A,58,15.28,886.24
North,Widget D,87,14.29,1243.23
East,Gadget X,27,22.76,614.52
South,Widget B,55,45.42,2498.1
West,Widget C,58,23.37,1355.46
East,Widget B,49,29.73,1456.77
Central,Widget D,32,14.7,470.4
South,Widget B,63,47.74,3007.62
South,Widget A,14,20.11,281.54
West,Widget C,96,40.5,3888.0
East,Widget D,66,21.18,1397.88
West,Gadget X,27,28.78,777.06
West,Gadget X,75,41.85,3138.75
West,Widget B,21,30.66,643.86
South,Widget A,65,37.07,2409.55
West,Widget B,53,12.46,660.38
North,Widget B,1,48.29,48.29
East,Widget A,86,48.36,4158.96
South,Widget A,74,17.26,1277.24
Central,Gadget X,75,23.31,1748.25
West,Gadget X,53,49.13,2603.89
South,Widget D,10,18.49,184.9
East,Widget B,14,26.47,370.58
West,Widget B,60,38.53,2311.8
Central,Gadget X,20,11.5,230.0
South,Gadget X,95,45.54,4326.3
West,Widget D,31,24.63,763.53
East,Widget C,91,17.17,1562.47
South,Gadget X,13,43.74,568.62
West,Widget A,64,46.32,2964.48
North,Widget A,73,12.38,903.74
West,Widget B,97,21.94,2128.18
North,Widget D,25,10.93,273.25
Central,Gadget X,94,31.0,2914.0
West,Widget C,14,37.93,531.02
East,Gadget X,68,19.65,1336.2
East,Widget A,24,23.67,568.08
West,Widget B,30,22.16,664.8
West,Widget C,72,17.37,1250.64
West,Widget C,58,46.62,2703.96
South,Widget C,59,35.35,2085.65
North,Widget D,55,33.16,1823.8
South,Widget A,14,30.97,433.58
North,Widget B,82,36.09,2959.38
West,Widget C,26,35.83,931.58
West,Widget C,12,49.34,592.08
North,Widget A,96,34.68,3329.28
South,Widget D,53,11.07,586.71
South,Widget A,43,20.45,879.35
Central,Widget B,65,29.3,1904.5
North,Widget A,77,34.44,2651.88
East,Gadget X,45,34.64,1558.8
South,Gadget X,85,12.47,1059.95
Central,Widget C,2,11.35,22.7
Central,Widget D,23,49.4,1136.2
South,Gadget X,10,34.02,340.2
South,Widget A,85,37.44,3182.4
East,Widget C,6,19.36,116.16
East,Widget D,16,49.45,791.2
Central,Widget B,61,23.13,1410.93
West,Gadget X,90,21.36,1922.4
West,Widget C,10,33.38,333.8
Central,Widget D,55,32.97,1813.35
East,Widget A,57,15.94,908.58
Central,Gadget X,44,30.26,1331.44
Central,Widget B,51,27.68,1411.68
West,Widget A,40,40.35,1614.0
South,Widget A,9,47.39,426.51
West,Widget D,69,28.48,1965.12
East,Widget A,17,31.06,528.02
North,Widget D,63,23.36,1471.68
North,Widget B,19,23.69,450.11
West,Widget C,69,49.61,3423.09
South,Widget A,80,41.54,3323.2
Central,Gadget X,16,16.14,258.24
East,Widget D,11,49.08,539.88
South,Widget A,73,27.85,2033.05
Central,Widget D,78,23.61,1841.58
East,Widget D,15,48.16,722.4
West,Widget B,34,10.55,358.7
West,Widget C,27,42.0,1134.0
West,Widget D,31,28.33,878.23
West,Widget C,20,23.63,472.6
South,Gadget X,67,21.75,1457.25
Central,Gadget X,57,19.14,1090.98
West,Widget C,56,45.43,2544.08
West,Widget A,65,33.51,2178.15
North,Widget D,56,28.35,1587.6
West,Widget B,51,30.26,1543.26
South,Widget A,83,34.39,2854.37
West,Widget D,61,20.02,1221.22
South,Widget D,47,18.11,851.17
South,Widget B,56,44.6,2497.6
West,Widget A,38,47.66,1811.08
South,Widget D,93,19.87,1847.91
West,Widget D,78,48.01,3744.78
Central,Widget D,90,26.76,2408.4
East,Widget C,40,23.31,932.4
North,Widget B,30,14.71,441.3
West,Gadget X,20,24.46,489.2
East,Widget B,84,12.05,1012.2
Central,Widget B,59,27.48,1621.32
North,Widget B,34,42.52,1445.68
South,Gadget X,60,46.78,2806.8
East,Widget C,66,17.85,1178.1
North,Widget D,57,48.93,2789.01
North,Widget D,28,46.36,1298.08
West,Gadget X,22,43.86,964.92
North,Widget B,78,41.73,3254.94
East,Widget A,17,46.94,797.98
North,Widget A,81,33.05,2677.05
North,Widget C,48,24.72,1186.56
West,Gadget X,9,42.09,378.81
South,Widget B,59,13.56,800.04
East,Widget B,96,15.44,1482.24
South,Widget B,30,23.73,711.9
Central,Widget B,7,43.52,304.64
West,Widget B,2,10.68,21.36
South,Gadget X,9,17.38,156.42
South,Widget D,46,21.42,985.32
East,Gadget X,17,29.85,507.45
North,Widget C,29,32.39,939.31
South,Gadget X,65,29.29,1903.85
West,Widget A,85,43.37,3686.45
Central,Widget B,99,30.53,3022.47
North,Widget A,94,29.24,2748.56
East,Widget A,58,20.36,1180.88
Central,Widget C,57,48.27,2751.39
West,Widget D,6,45.21,271.26
North,Widget B,76,11.47,871.72
Central,Widget D,54,39.12,2112.48
North,Widget C,94,27.65,2599.1
North,Widget B,22,26.96,593.12
North,Widget D,15,26.03,390.45
South,Widget C,79,23.22,1834.38
North,Gadget X,87,12.62,1097.94
South,Widget C,49,34.7,1700.3
North,Widget D,73,49.62,3622.26
West,Widget B,26,42.19,1096.94
North,Gadget X,53,13.76,729.28
East,Widget A,77,46.21,3558.17
West,Widget B,79,26.28,2076.12
Central,Widget A,45,22.16,997.2
South,Widget A,52,34.27,1782.04
North,Widget D,29,18.2,527.8
West,Gadget X,87,10.23,890.01
West,Gadget X,55,34.66,1906.3
West,Widget C,13,14.75,191.75
West,Widget B,100,40.02,4002.0
East,Widget D,90,44.25,3982.5
South,Widget A,37,42.28,1564.36
Central,Widget C,49,30.58,1498.42
North,Widget B,84,11.87,997.08
South,Widget B,83,43.71,3627.93
North,Widget C,60,33.28,1996.8
East,Gadget X,66,22.86,1508.76
East,Widget A,60,26.3,1578.0
North,Widget D,84,22.14,1859.76
Central,Widget C,15,35.51,532.65
North,Widget B,70,16.82,1177.4
Central,Widget A,10,28.45,284.5
East,Widget A,6,32.94,197.64
East,Widget C,44,12.84,564.96
West,Widget D,60,37.19,2231.4
Central,Widget C,75,34.62,2596.5
South,Widget C,73,10.23,746.79
Central,Widget C,34,30.92,1051.28
East,Widget C,20,42.52,850.4
East,Widget A,24,36.24,869.76
East,Widget A,35,33.27,1164.45
North,Gadget X,28,47.78,1337.84
South,Widget D,22,30.93,680.46
North,Widget C,9,16.27,146.43
East,Gadget X,30,19.25,577.5
East,Widget D,56,21.01,1176.56
East,Widget B,26,14.85,386.1
Central,Widget C,3,40.67,122.01
West,Widget A,73,14.25,1040.25
North,Widget B,77,28.59,2201.43
West,Widget A,90,26.6,2394.0
North,Widget C,75,11.1,832.5
East,Widget A,77,49.54,3814.58
West,Widget C,71,31.27,2220.17
Central,Widget C,65,39.66,2577.9
Central,Widget D,91,44.55,4054.05
South,Widget C,18,39.92,718.56
South,Widget D,57,18.35,1045.95
East,Widget B,6,27.77,166.62
East,Widget A,56,46.77,2619.12
East,Widget B,13,45.51,591.63
South,Gadget X,31,21.88,678.28
South,Widget A,8,35.36,282.88
North,Widget C,66,20.87,1377.42
East,Widget A,25,32.88,822.0
West,Widget A,7,20.56,143.92
South,Gadget X,43,20.27,871.61
West,Widget B,72,36.87,2654.64
West,Gadget X,96,17.66,1695.36
East,Widget B,82,42.39,3475.98
Central,Widget A,85,26.47,2249.95
North,Widget D,47,24.37,1145.39
East,Widget B,34,44.83,1524.22
Central,Widget A,4,25.36,101.44
Central,Widget C,26,35.02,910.52
North,Widget C,6,25.21,151.26
North,Widget C,62,28.74,1781.88
East,Widget C,59,12.14,716.26
Central,Widget B,89,39.83,3544.87
North,Widget D,41,25.0,1025.0
East,Widget B,67,45.61,3055.87
North,Widget B,31,27.85,863.35
North,Widget D,68,45.5,3094.0
East,Widget A,42,44.21,1856.82
North,Gadget X,16,26.2,419.2
Central,Widget D,47,37.34,1754.98
South,Widget A,98,27.12,2657.76
West,Widget A,28,47.23,1322.44
East,Widget B,11,37.69,414.59
Central,Widget B,14,43.38,607.32
North,Widget B,63,22.16,1396.08
Central,Widget D,19,44.2,839.8
Central,Widget B,76,31.3,2378.8
West,Gadget X,6,41.85,251.1
East,Widget A,48,42.58,2043.84
East,Widget D,32,18.36,587.52
East,Widget D,38,45.65,1734.7
East,Gadget X,32,21.16,677.12
South,Gadget X,95,28.47,2704.65
West,Widget B,14,31.69,443.66
South,Gadget X,95,12.39,1177.05
North,Widget B,63,48.02,3025.26
North,Widget C,77,17.77,1368.29
East,Widget B,97,49.21,4773.37
North,Widget C,70,45.63,3194.1
Central,Widget D,51,34.3,1749.3
West,Widget B,17,30.29,514.93
West,Widget A,34,27.36,930.24
East,Widget A,73,25.87,1888.51
North,Widget A,7,25.75,180.25
East,Gadget X,31,27.4,849.4
East,Widget B,72,48.33,3479.76
East,Widget A,77,32.41,2495.57
West,Widget D,97,24.6,2386.2
East,Widget B,2,24.26,48.52
North,Gadget X,95,30.46,2893.7
North,Gadget X,6,39.83,238.98
West,Widget A,43,25.57,1099.51
South,Gadget X,52,41.34,2149.68
West,Gadget X,62,47.02,2915.24
South,Widget D,41,28.94,1186.54
Central,Widget C,74,38.86,2875.64
Central,Widget B,100,38.76,3876.0
East,Widget D,31,26.21,812.51
South,Widget B,55,34.21,1881.55
East,Widget A,94,35.07,3296.58
Central,Gadget X,59,10.31,608.29
East,Widget A,100,22.64,2264.0
East,Gadget X,94,49.01,4606.94
South,Widget B,83,47.68,3957.44
West,Widget A,67,40.75,2730.25
South,Widget D,44,40.54,1783.76
East,Widget A,13,20.12,261.56
East,Widget B,88,31.82,2800.16
East,Gadget X,99,37.14,3676.86
East,Widget C,23,48.34,1111.82
Central,Gadget X,82,39.04,3201.28
Central,Widget B,11,24.5,269.5
South,Gadget X,97,15.4,1493.8
West,Widget B,54,25.84,1395.36
North,Gadget X,9,28.46,256.14
East,Widget C,52,46.21,2402.92
West,Widget A,12,25.81,309.72
Central,Widget D,95,37.98,3608.1
West,Gadget X,3,38.76,116.28
South,Gadget X,54,12.25,661.5
North,Widget B,71,43.62,3097.02
East,Widget A,35,20.19,706.65
Central,Widget B,90,47.77,4299.3
West,Widget A,21,29.43,618.03
North,Gadget X,8,10.44,83.52
East,Widget B,12,45.84,550.08
South,Widget D,38,11.82,449.16
North,Widget C,59,18.13,1069.67
Central,Widget B,60,44.55,2673.0
East,Widget A,51,22.25,1134.75
South,Widget A,97,29.07,2819.79
North,Widget B,97,33.58,3257.26
East,Widget D,60,17.72,1063.2
Central,Widget B,23,20.92,481.16
North,Widget B,9,12.35,111.15
Central,Widget A,51,28.87,1472.37
North,Widget D,8,23.65,189.2
Central,Gadget X,82,28.34,2323.88
South,Gadget X,20,29.66,593.2
North,Widget D,9,40.8,367.2
South,Widget A,1,39.82,39.82
South,Widget C,76,23.11,1756.36
West,Gadget X,78,24.32,1896.96
Central,Widget B,9,44.72,402.48
South,Widget B,88,39.83,3505.04
West,Widget A,1,34.91,34.91
North,Widget B,69,37.91,2615.79
Central,Widget B,30,12.46,373.8
South,Widget A,47,12.85,603.95
South,Widget C,33,45.5,1501.5
South,Widget B,72,21.85,1573.2
West,Widget A,24,34.46,827.04
South,Widget B,95,48.16,4575.2
West,Widget D,1,11.7,11.7
West,Widget B,15,30.84,462.6
Central,Widget B,65,17.94,1166.1
Central,Widget B,48,13.06,626.88
West,Gadget X,62,20.47,1269.14
Central,Widget D,63,40.95,2579.85
West,Gadget X,19,26.18,497.42
South,Widget C,6,38.02,228.12
Central,Widget C,9,35.55,319.95
North,Gadget X,40,38.5,1540.0
East,Widget C,36,31.08,1118.88
Central,Widget C,95,23.18,2202.1
East,Gadget X,90,18.41,1656.9
East,Widget C,39,47.86,1866.54
East,Widget D,31,21.76,674.56
Central,Widget B,98,13.06,1279.88
North,Widget B,80,10.88,870.4
South,Widget C,91,36.48,3319.68
Central,Widget C,62,42.78,2652.36
East,Widget C,13,27.35,355.55
East,Widget C,65,19.72,1281.8
South,Gadget X,73,43.88,3203.24
West,Widget C,6,27.55,165.3
North,Gadget X,28,35.69,999.32
North,Widget C,5,32.47,162.35
South,Widget D,12,36.24,434.88
South,Widget B,72,19.01,1368.72
East,Gadget X,70,42.55,2978.5
North,Gadget X,11,42.65,469.15
East,Gadget X,14,26.76,374.64
South,Widget C,66,10.38,685.08
East,Widget B,42,17.95,753.9
South,Widget B,20,10.99,219.8
West,Widget C,58,27.58,1599.64
North,Widget C,23,32.42,745.66
West,Widget D,20,17.15,343.0
North,Widget B,31,40.91,1268.21
Central,Widget A,42,26.67,1120.14
South,Widget B,6,32.11,192.66
West,Widget A,93,33.43,3108.99
West,Widget D,26,47.13,1225.38
South,Widget A,80,46.51,3720.8
South,Widget D,92,43.83,4032.36
West,Widget A,17,10.06,171.02
North,Widget B,88,15.46,1360.48
West,Widget B,75,47.86,3589.5
North,Widget C,7,35.6,249.2
South,Widget D,33,27.67,913.11
South,Widget D,80,11.98,958.4
East,Gadget X,12,41.1,493.2
North,Gadget X,16,32.62,521.92
East,Widget B,30,47.41,1422.3
South,Widget B,66,16.09,1061.94
Central,Gadget X,77,44.59,3433.43
East,Widget D,68,37.36,2540.48
North,Widget C,20,44.62,892.4
North,Gadget X,29,39.86,1155.94
South,Widget D,17,49.74,845.58
North,Widget B,33,48.96,1615.68
East,Widget C,5,44.91,224.55
West,Widget C,40,41.48,1659.2
North,Gadget X,33,13.29,438.57
South,Widget C,58,45.9,2662.2
North,Widget D,27,40.57,1095.39
Central,Widget B,46,34.38,1581.48
West,Widget A,73,21.72,1585.56
North,Widget A,73,37.6,2744.8
West,Widget B,36,10.06,362.16
South,Widget A,47,40.5,1903.5
Central,Widget C,64,38.37,2455.68
South,Widget B,62,44.3,2746.6
Central,Widget B,53,29.72,1575.16
East,Widget B,48,30.51,1464.48
West,Widget C,19,46.78,888.82
South,Widget C,44,13.52,594.88
North,Widget B,1,40.76,40.76
Central,Widget B,50,18.21,910.5
North,Gadget X,45,11.78,530.1
Central,Widget A,58,21.91,1270.78
South,Widget A,66,40.97,2704.02
North,Widget C,66,48.77,3218.82
Central,Widget D,13,26.94,350.22
North,Widget A,87,24.61,2141.07
West,Widget D,49,48.29,2366.21
North,Widget C,32,14.15,452.8
West,Widget B,88,39.88,3509.44
South,Gadget X,37,28.82,1066.34
East,Widget D,75,49.13,3684.75
East,Widget D,43,39.05,1679.15
Central,Widget B,59,44.65,2634.35
South,Widget C,90,39.15,3523.5
North,Gadget X,21,33.78,709.38
East,Widget D,29,14.58,422.82
East,Widget D,41,17.07,699.87
Central,Widget A,52,45.27,2354.04
West,Widget A,18,30.06,541.08
West,Widget C,74,43.93,3250.82
West,Widget B,26,36.37,945.62
South,Widget A,48,34.11,1637.28
South,Gadget X,13,27.74,360.62
North,Widget D,5,26.7,133.5
East,Gadget X,61,40.58,2475.38
North,Widget D,65,13.2,858.0
West,Widget C,18,23.68,426.24
West,Gadget X,8,42.39,339.12
North,Gadget X,80,43.48,3478.4
Central,Widget D,49,11.59,567.91
Central,Widget D,21,41.11,863.31
West,Widget D,10,36.54,365.4
South,Widget A,93,43.93,4085.49
South,Widget C,91,38.3,3485.3
South,Gadget X,67,22.37,1498.79
Central,Gadget X,45,40.71,1831.95
West,Widget C,65,42.25,2746.25
East,Widget D,23,13.67,314.41
Central,Widget B,32,29.14,932.48
South,Gadget X,4,19.29,77.16
West,Widget B,85,13.75,1168.75
North,Widget D,64,33.87,2167.68
South,Gadget X,69,10.62,732.78
North,Gadget X,99,29.68,2938.32
South,Widget D,34,36.06,1226.04
Central,Widget C,82,36.33,2979.06
East,Widget D,8,18.62,148.96
South,Widget C,52,24.83,1291.16
South,Widget B,77,41.09,3163.93
East,Gadget X,2,10.35,20.7
West,Widget B,55,48.1,2645.5
South,Widget A,32,16.19,518.08
West,Gadget X,79,26.47,2091.13
North,Widget B,91,32.07,2918.37
East,Gadget X,64,36.42,2330.88
South,Widget A,25,22.69,567.25
North,Widget B,46,12.82,589.72
North,Widget D,30,35.49,1064.7
Central,Widget A,59,33.91,2000.69
South,Widget D,27,26.06,703.62
East,Widget D,1,46.44,46.44
East,Widget D,26,46.53,1209.78
East,Widget A,92,34.73,3195.16
North,Widget D,12,33.59,403.08
West,Widget C,88,38.17,3358.96
North,Widget A,99,22.2,2197.8
South,Widget B,93,42.24,3928.32
South,Widget D,81,29.36,2378.16
South,Widget C,75,20.01,1500.75
East,Widget B,5,36.98,184.9
North,Widget B,20,32.22,644.4
West,Gadget X,90,35.15,3163.5
South,Widget D,92,22.4,2060.8
West,Widget D,75,23.24,1743.0
Central,Widget B,100,17.19,1719.0
South,Widget D,6,37.6,225.6
West,Gadget X,98,30.58,2996.84
North,Widget D,77,27.12,2088.24
West,Gadget X,18,38.21,687.78
North,Widget B,55,49.87,2742.85
Central,Widget D,2,12.86,25.72
West,Gadget X,73,46.45,3390.85
East,Widget C,99,11.51,1139.49
North,Widget C,37,32.53,1203.61
Central,Widget B,98,35.99,3527.02
West,Widget B,75,19.24,1443.0
South,Widget C,78,26.01,2028.78
South,Gadget X,21,44.72,939.12
Central,Gadget X,57,21.47,1223.79
Central,Gadget X,67,17.22,1153.74
West,Widget D,66,43.55,2874.3
West,Gadget X,13,33.58,436.54
Central,Widget A,24,36.78,882.72
East,Gadget X,80,42.05,3364.0
Central,Widget D,72,18.99,1367.28
South,Widget B,48,47.88,2298.24
East,Widget B,16,39.07,625.12
East,Widget D,9,27.4,246.6
East,Gadget X,6,13.36,80.16
South,Widget A,56,34.38,1925.28
South,Gadget X,15,40.02,600.3
East,Widget D,25,21.3,532.5
East,Widget A,79,43.81,3460.99
East,Widget D,95,43.71,4152.45
Central,Widget B,33,40.79,1346.07
East,Widget D,56,31.62,1770.72
East,Widget D,31,39.81,1234.11
East,Widget C,46,36.0,1656.0
East,Widget C,94,17.04,1601.76
Central,Widget B,4,37.24,148.96
South,Widget C,48,47.46,2278.08
Central,Widget B,7,25.1,175.7
Central,Widget A,37,41.63,1540.31
Central,Widget C,77,26.32,2026.64
South,Widget D,74,19.48,1441.52
South,Gadget X,74,10.03,742.22
North,Widget C,44,14.9,655.6
West,Widget A,24,17.51,420.24
North,Widget D,71,33.5,2378.5
South,Widget C,89,20.2,1797.8
Central,Widget B,21,27.51,577.71
East,Gadget X,57,29.86,1702.02
South,Gadget X,1,32.32,32.32
South,Widget C,30,25.2,756.0
North,Widget D,37,34.43,1273.91
South,Widget D,64,18.75,1200.0
Central,Widget B,66,24.4,1610.4
East,Widget B,25,34.08,852.0
East,Widget C,78,34.95,2726.1
Central,Widget B,43,32.51,1397.93
South,Widget B,51,24.35,1241.85
West,Widget D,91,23.76,2162.16
South,Gadget X,2,13.7,27.4
South,Widget D,55,21.83,1200.65
West,Widget A,97,40.52,3930.44
Central,Gadget X,2,22.11,44.22
West,Widget C,18,12.37,222.66
West,Widget C,46,31.47,1447.62
North,Widget C,62,37.81,2344.22
South,Gadget X,24,36.47,875.28
West,Gadget X,15,14.07,211.05
North,Widget C,71,10.01,710.71
West,Widget C,74,20.19,1494.06
Central,Widget D,11,25.0,275.0
South,Widget B,86,31.4,2700.4
North,Widget A,26,27.31,710.06
East,Widget D,79,14.94,1180.26
East,Widget A,60,20.77,1246.2
South,Widget C,71,35.5,2520.5
East,Widget B,5,43.3,216.5
North,Widget B,18,45.57,820.26
North,Gadget X,72,34.39,2476.08
South,Widget B,56,44.62,2498.72
West,Widget D,16,25.13,402.08
North,Widget D,31,29.96,928.76
West,Widget B,50,38.24,1912.0
North,Widget D,67,31.12,2085.04
West,Gadget X,61,40.41,2465.01
Central,Widget D,1,44.96,44.96
East,Widget D,32,40.52,1296.64
North,Widget B,94,25.25,2373.5
North,Widget C,50,28.59,1429.5
South,Widget C,25,25.61,640.25
Central,Widget C,29,39.56,1147.24
South,Widget C,95,12.39,1177.05
East,Widget B,84,34.6,2906.4
South,Widget D,57,17.57,1001.49
West,Gadget X,29,44.16,1280.64
Central,Widget C,56,10.79,604.24
South,Widget A,72,44.34,3192.48
North,Widget A,82,35.16,2883.12
East,Widget D,34,14.06,478.04
East,Gadget X,94,37.23,3499.62
South,Widget A,50,49.16,2458.0
South,Widget B,14,37.85,529.9
East,Gadget X,44,31.82,1400.08
Central,Widget A,31,12.21,378.51
North,Widget B,60,21.0,1260.0
West,Widget B,2,11.59,23.18
Central,Widget A,19,43.54,827.26
Central,Widget C,24,41.52,996.48
Central,Widget A,53,38.89,2061.17
East,Widget C,4,21.14,84.56
South,Widget D,73,42.02,3067.46
Central,Widget D,10,19.13,191.3
West,Widget B,32,33.33,1066.56
Central,Widget D,26,32.73,850.98
North,Widget C,78,34.08,2658.24
West,Widget A,76,12.64,960.64
North,Widget D,36,30.91,1112.76
Central,Widget A,28,46.91,1313.48
North,Widget B,53,40.98,2171.94
South,Gadget X,22,49.21,1082.62
South,Widget B,6,40.33,241.98
South,Gadget X,30,14.25,427.5
North,Widget D,89,29.83,2654.87
North,Widget C,93,10.22,950.46
South,Widget D,45,23.41,1053.45
Central,Widget C,42,10.62,446.04
Central,Gadget X,29,19.97,579.13
West,Widget B,80,38.53,3082.4
North,Widget D,9,17.7,159.3
North,Widget C,4,49.38,197.52
North,Widget B,58,26.9,1560.2
Central,Widget C,61,42.81,2611.41
East,Widget B,47,29.99,1409.53
North,Widget A,13,44.63,580.19
Central,Widget D,99,26.73,2646.27
West,Gadget X,86,11.22,964.92
Central,Gadget X,8,17.97,143.76
North,Widget C,52,31.91,1659.32
East,Widget A,41,39.72,1628.52
East,Widget A,41,46.26,1896.66
South,Widget B,60,39.33,2359.8
West,Widget A,50,48.09,2404.5
East,Widget C,72,49.61,3571.92
Central,Widget C,33,31.48,1038.84
North,Widget C,42,36.51,1533.42
South,Gadget X,23,49.55,1139.65
East,Widget C,11,30.13,331.43
West,Widget B,26,31.08,808.08
Central,Widget D,73,32.69,2386.37
South,Widget A,15,24.72,370.8
West,Widget B,11,15.13,166.43
North,Widget C,93,36.05,3352.65
East,Widget D,9,42.61,383.49
West,Widget B,99,19.67,1947.33
West,Widget A,77,32.93,2535.61
Central,Widget C,67,45.28,3033.76
South,Widget C,90,42.17,3795.3
Central,Widget D,70,18.83,1318.1
Central,Widget D,89,38.01,3382.89
South,Gadget X,78,48.9,3814.2
South,Gadget X,52,44.04,2290.08
West,Widget B,77,23.42,1803.34
East,Widget C,21,24.08,505.68
South,Gadget X,5,44.92,224.6
East,Gadget X,79,13.96,1102.84
North,Widget A,91,39.26,3572.66
East,Widget B,26,11.14,289.64
West,Widget A,26,35.38,919.88
North,Gadget X,44,20.66,909.04
Central,Gadget X,2,33.88,67.76
East,Widget B,69,42.94,2962.86
Central,Gadget X,50,43.76,2188.0
Central,Widget C,11,11.17,122.87
North,Gadget X,67,49.52,3317.84
Central,Widget C,10,22.45,224.5
Central,Widget B,97,18.33,1778.01
Central,Widget B,99,22.53,2230.47
East,Widget A,18,10.22,183.96
North,Widget A,44,41.62,1831.28
South,Widget A,22,18.59,408.98
Central,Widget D,33,39.77,1312.41
Central,Gadget X,83,39.29,3261.07
Central,Widget C,40,23.7,948.0
East,Widget B,50,45.93,2296.5
North,Widget A,75,35.78,2683.5
West,Widget D,25,30.71,767.75
West,Widget B,21,46.15,969.15
South,Gadget X,76,16.46,1250.96
North,Widget D,9,31.87,286.83
South,Widget C,15,10.9,163.5
West,Widget A,3,46.75,140.25
South,Widget B,95,43.05,4089.75
West,Gadget X,65,10.9,708.5
South,Widget A,75,20.5,1537.5
South,Widget A,51,15.22,776.22
West,Widget B,3,48.37,145.11
East,Gadget X,45,10.99,494.55
East,Widget B,56,37.39,2093.84
South,Widget D,68,34.98,2378.64
South,Widget D,74,17.13,1267.62
East,Widget C,48,16.03,769.44
North,Gadget X,46,34.88,1604.48
South,Widget C,75,11.36,852.0
East,Gadget X,86,27.31,2348.66
South,Widget B,94,35.55,3341.7
Central,Gadget X,91,15.49,1409.59
East,Widget A,92,17.88,1644.96
West,Gadget X,22,15.14,333.08
North,Gadget X,53,14.76,782.28
North,Widget A,17,32.43,551.31
Central,Widget D,66,10.82,714.12
North,Widget D,69,17.56,1211.64
East,Widget C,74,15.69,1161.06
Central,Widget D,30,35.9,1077.0
West,Widget C,50,49.68,2484.0
South,Widget A,55,48.78,2682.9
West,Widget D,67,45.93,3077.31
East,Gadget X,37,42.72,1580.64
West,Widget A,84,20.18,1695.12
West,Widget C,23,36.4,837.2
East,Widget B,12,47.79,573.48
South,Widget A,100,46.88,4688.0
North,Widget C,64,47.92,3066.88
North,Widget C,62,23.94,1484.28
North,Gadget X,7,13.38,93.66
Central,Widget A,63,29.03,1828.89
East,Gadget X,2,13.36,26.72
East,Widget C,92,45.03,4142.76
Central,Widget A,50,26.37,1318.5
Central,Widget A,30,47.67,1430.1
West,Widget B,50,27.8,1390.0
Central,Widget C,18,30.9,556.2
South,Widget B,53,16.17,857.01
East,Gadget X,83,15.68,1301.44
North,Widget A,69,23.67,1633.23
North,Widget B,19,47.57,903.83
South,Widget B,65,19.27,1252.55
West,Widget B,53,36.07,1911.71
West,Widget A,63,15.06,948.78
West,Widget A,89,10.2,907.8
North,Widget D,43,34.55,1485.65
Central,Widget C,89,34.26,3049.14
West,Widget D,84,43.97,3693.48
West,Widget A,77,34.09,2624.93
East,Widget A,66,20.04,1322.64
South,Widget B,60,42.98,2578.8
North,Widget A,56,15.54,870.24
East,Widget C,32,20.19,646.08
West,Widget A,89,36.91,3284.99
East,Widget B,80,22.98,1838.4
South,Widget C,15,35.53,532.95
North,Widget B,72,42.59,3066.48
North,Widget B,92,43.18,3972.56
South,Gadget X,38,33.72,1281.36
Central,Widget A,22,12.41,273.02
South,Widget C,88,12.36,1087.68
Central,Widget C,27,11.46,309.42
North,Gadget X,11,22.95,252.45
Central,Widget B,29,46.2,1339.8
Central,Widget C,42,36.41,1529.22
North,Widget D,66,11.4,752.4
South,Widget B,14,46.17,646.38
West,Widget C,46,17.43,801.78
East,Gadget X,71,39.9,2832.9
North,Widget B,24,18.8,451.2
Central,Gadget X,59,29.3,1728.7
East,Widget A,57,49.56,2824.92
Central,Widget D,57,11.47,653.79
North,Widget A,71,35.43,2515.53
West,Widget B,30,38.53,1155.9
Central,Widget A,10,18.44,184.4
North,Widget C,77,16.52,1272.04
South,Widget C,94,27.05,2542.7
East,Widget A,89,24.0,2136.0
North,Widget D,31,16.29,504.99
North,Widget A,83,42.2,3502.6
North,Gadget X,24,48.3,1159.2
Central,Widget A,9,30.07,270.63
East,Widget B,44,17.32,762.08
East,Widget A,53,49.04,2599.12
North,Widget A,31,12.99,402.69
Central,Widget D,43,44.53,1914.79
East,Widget A,48,22.95,1101.6
West,Widget D,46,19.96,918.16
North,Widget B,65,28.28,1838.2
Central,Widget A,36,22.22,799.92
North,Widget B,43,42.32,1819.76
West,Gadget X,16,46.89,750.24
North,Widget A,84,44.17,3710.28
North,Widget C,1,26.71,26.71
West,Widget C,37,17.07,631.59
South,Widget C,21,25.05,526.05
West,Widget A,32,44.42,1421.44
Central,Widget D,80,38.97,3117.6
North,Widget D,5,44.14,220.7
West,Widget B,53,31.64,1676.92
South,Widget C,4,45.98,183.92
West,Widget C,56,37.68,2110.08
East,Widget B,2,15.17,30.34
Central,Widget D,73,35.92,2622.16
West,Gadget X,49,26.01,1274.49
East,Widget D,56,12.58,704.48
East,Gadget X,61,28.93,1764.73
Central,Widget A,90,41.37,3723.3
South,Widget C,41,25.57,1048.37
Central,Widget A,19,10.08,191.52
West,Widget C,36,19.87,715.32
Central,Widget C,91,13.73,1249.43
West,Widget D,94,48.16,4527.04
East,Gadget X,74,25.15,1861.1
North,Widget B,96,26.52,2545.92
East,Widget C,70,37.33,2613.1
East,Widget C,48,39.25,1884.0
East,Gadget X,11,30.17,331.87
South,Gadget X,23,18.79,432.17
Central,Widget D,27,26.87,725.49
East,Widget B,91,11.97,1089.27
West,Widget B,41,44.12,1808.92
North,Widget B,82,25.64,2102.48
South,Widget D,86,32.47,2792.42
West,Widget C,19,10.9,207.1
East,Gadget X,80,39.25,3140.0
East,Widget B,61,11.65,710.65
East,Widget B,61,24.34,1484.74
North,Widget B,10,29.94,299.4
East,Gadget X,77,41.3,3180.1
North,Gadget X,27,45.44,1226.88
West,Widget B,72,37.99,2735.28
West,Widget B,37,13.18,487.66
North,Gadget X,90,11.05,994.5
East,Widget D,27,23.83,643.41
Central,Gadget X,74,45.16,3341.84
North,Widget C,89,22.03,1960.67
South,Widget B,22,48.49,1066.78
East,Widget D,32,49.96,1598.72
West,Widget C,47,33.98,1597.06
Central,Widget B,18,46.68,840.24
North,Gadget X,54,27.93,1508.22
Central,Gadget X,46,17.04,783.84
North,Widget C,56,20.29,1136.24
Central,Widget C,61,29.59,1804.99
North,Widget B,6,28.32,169.92
East,Widget C,8,13.93,111.44
West,Widget A,64,41.38,2648.32
South,Widget D,74,41.2,3048.8
North,Widget C,34,21.28,723.52
Central,Gadget X,21,38.35,805.35
North,Widget B,99,10.85,1074.15
North,Widget D,27,27.37,738.99
West,Widget C,3,17.65,52.95
East,Gadget X,38,38.87,1477.06
South,Gadget X,67,18.92,1267.64
East,Gadget X,39,20.8,811.2
East,Widget B,78,27.8,2168.4
South,Gadget X,27,29.92,807.84
North,Widget B,61,43.14,2631.54
North,Widget C,71,42.27,3001.17
East,Widget B,45,15.95,717.75
East,Gadget X,24,17.15,411.6
East,Widget B,14,39.03,546.42
Central,Widget C,8,24.64,197.12
West,Widget D,14,38.56,539.84
North,Widget A,6,18.35,110.1
North,Widget D,65,42.78,2780.7
West,Widget D,54,12.49,674.46
West,Gadget X,24,40.11,962.64
Central,Widget D,54,49.62,2679.48
North,Widget A,99,30.94,3063.06
Central,Widget C,16,34.69,555.04
East,Widget A,47,12.59,591.73
Central,Widget C,69,46.81,3229.89
South,Widget C,38,41.33,1570.54
South,Widget C,88,41.69,3668.72
South,Widget C,44,31.34,1378.96
North,Widget B,57,20.76,1183.32
South,Widget D,22,23.46,516.12
Central,Widget C,60,35.88,2152.8
Central,Gadget X,55,23.68,1302.4
West,Widget C,41,16.75,686.75
East,Gadget X,86,14.44,1241.84
Central,Widget D,98,12.04,1179.92
Central,Widget A,40,15.36,614.4
Central,Widget B,26,19.82,515.32
North,Widget D,60,16.99,1019.4
South,Gadget X,22,34.45,757.9
Central,Widget D,97,49.32,4784.04
Central,Widget D,79,38.19,3017.01
Central,Widget C,76,35.02,2661.52
South,Widget A,24,37.12,890.88
South,Widget B,60,13.12,787.2
North,Widget C,8,15.87,126.96
East,Widget C,35,17.45,610.75
Central,Widget C,13,41.48,539.24
East,Widget B,81,26.65,2158.65
South,Widget A,60,41.14,2468.4
East,Widget A,2,44.39,88.78
South,Widget B,72,19.23,1384.56
South,Widget C,8,22.07,176.56
South,Widget B,53,23.71,1256.63
South,Widget A,66,36.23,2391.18
West,Widget A,23,28.24,649.52
North,Widget D,2,48.28,96.56
South,Widget A,57,11.39,649.23
East,Widget D,67,44.35,2971.45
West,Widget B,66,45.33,2991.78
East,Gadget X,43,13.95,599.85
West,Widget D,47,30.05,1412.35
Central,Gadget X,58,11.6,672.8
South,Gadget X,28,25.49,713.72
North,Widget C,8,40.98,327.84
East,Widget D,4,44.55,178.2
East,Gadget X,34,10.3,350.2
Central,Gadget X,22,40.84,898.48
North,Gadget X,47,33.51,1574.97
West,Widget B,94,40.9,3844.6
South,Widget D,90,23.14,2082.6
West,Widget B,13,36.57,475.41
West,Widget B,77,33.85,2606.45
Central,Widget A,10,45.13,451.3
East,Gadget X,64,26.34,1685.76
South,Gadget X,41,18.76,769.16
South,Gadget X,49,49.93,2446.57
Central,Gadget X,95,42.62,4048.9
Central,Widget B,69,35.19,2428.11
West,Widget B,9,10.8,97.2
South,Widget D,9,41.19,370.71
South,Widget D,6,22.24,133.44
North,Gadget X,90,40.41,3636.9
East,Gadget X,19,17.71,336.49
North,Widget C,15,42.13,631.95
Central,Widget C,95,16.63,1579.85
North,Widget B,93,46.25,4301.25
East,Widget C,16,18.59,297.44
West,Gadget X,67,19.86,1330.62
North,Widget D,80,48.47,3877.6
East,Widget B,33,31.75,1047.75
North,Widget A,19,33.71,640.49
West,Gadget X,29,13.7,397.3
Central,Widget D,26,17.47,454.22
East,Widget C,23,26.11,600.53
North,Widget C,74,38.4,2841.6
South,Widget A,5,30.19,150.95
East,Widget D,11,23.69,260.59
South,Widget D,5,12.72,63.6
South,Widget B,69,39.06,2695.14
South,Widget C,46,32.14,1478.44
South,Widget D,35,21.02,735.7
North,Widget D,89,36.55,3252.95
West,Widget B,94,18.73,1760.62
East,Gadget X,26,31.53,819.78
West,Widget D,80,46.4,3712.0
Central,Widget C,95,41.93,3983.35
North,Widget B,24,22.63,543.12
East,Widget D,65,35.67,2318.55
West,Widget A,45,39.94,1797.3
North,Widget C,86,38.54,3314.44
West,Widget A,29,15.93,461.97
North,Widget C,20,32.82,656.4
South,Widget C,68,45.51,3094.68
South,Widget D,83,38.31,3179.73
East,Widget A,31,31.24,968.44
East,Widget B,26,24.1,626.6
North,Gadget X,83,42.78,3550.74
West,Widget B,99,40.19,3978.81
West,Widget B,61,25.72,1568.92
Central,Widget A,88,37.99,3343.12
West,Gadget X,92,41.6,3827.2
East,Widget C,61,17.92,1093.12
Central,Gadget X,32,34.91,1117.12
East,Widget A,51,24.5,1249.5
North,Widget C,49,12.88,631.12
West,Widget C,58,11.79,683.82
Central,Widget C,57,25.92,1477.44
North,Widget B,29,45.38,1316.02
East,Widget B,96,44.15,4238.4
West,Widget C,70,17.81,1246.7
West,Widget A,6,16.49,98.94
West,Widget C,31,27.74,859.94
North,Widget B,6,46.4,278.4
North,Widget D,7,17.72,124.04
Central,Gadget X,12,45.51,546.12
West,Widget C,56,16.1,901.6
North,Widget C,36,42.78,1540.08
Central,Widget D,95,21.82,2072.9
South,Widget C,78,35.78,2790.84
North,Widget B,43,48.11,2068.73
North,Widget B,20,28.93,578.6
North,Widget C,87,49.17,4277.79
Central,Widget C,31,31.33,971.23
North,Widget A,76,22.96,1744.96
South,Widget A,14,11.88,166.32
West,Widget C,85,14.49,1231.65
North,Widget C,7,32.18,225.26
West,Gadget X,15,18.18,272.7
East,Widget B,7,28.69,200.83
East,Gadget X,7,16.67,116.69
North,Gadget X,63,29.65,1867.95
West,Widget B,18,34.35,618.3
Central,Widget C,5,49.72,248.6
South,Widget C,59,31.2,1840.8
East,Widget D,27,15.53,419.31
South,Widget B,100,21.43,2143.0
North,Widget D,52,27.95,1453.4
South,Widget B,59,28.22,1664.98
East,Widget B,60,11.41,684.6
East,Widget C,54,40.32,2177.28
East,Widget D,80,12.19,975.2
South,Widget B,96,46.33,4447.68
South,Widget B,26,20.08,522.08
Central,Widget C,44,44.44,1955.36
West,Gadget X,80,25.96,2076.8
Central,Widget B,48,13.43,644.64
North,Widget C,17,43.19,734.23
Central,Widget C,52,11.89,618.28
Central,Widget A,24,27.72,665.28
East,Widget C,18,26.74,481.32
North,Widget B,20,49.69,993.8
South,Widget A,28,22.83,639.24
South,Widget C,29,22.61,655.69
South,Widget B,6,25.2,151.2
East,Widget B,2,21.08,42.16
North,Widget B,59,11.3,666.7
North,Widget B,3,47.69,143.07
East,Widget A,2,36.38,72.76
Central,Gadget X,70,32.7,2289.0
South,Widget B,92,17.02,1565.84
South,Widget A,40,30.58,1223.2
Central,Widget D,96,45.37,4355.52
West,Gadget X,17,21.98,373.66
East,Widget D,10,38.52,385.2
West,Widget C,39,36.6,1427.4
North,Widget A,18,14.1,253.8
South,Widget D,2,21.71,43.42
Central,Widget B,18,34.82,626.76
Central,Widget B,55,22.31,1227.05
North,Widget D,13,48.8,634.4
East,Widget D,37,32.33,1196.21
Central,Widget D,68,19.64,1335.52
Central,Widget A,36,37.75,1359.0
South,Widget C,44,25.36,1115.84
Central,Widget B,96,12.78,1226.88
West,Widget A,81,11.92,965.52
South,Widget C,18,33.99,611.82
South,Widget A,85,28.23,2399.55
Central,Widget C,81,26.95,2182.95
North,Widget B,92,41.39,3807.88
East,Widget A,6,18.66,111.96
North,Widget D,58,18.01,1044.58
West,Widget A,9,30.57,275.13
East,Gadget X,8,36.42,291.36
North,Gadget X,46,30.56,1405.76
Central,Widget C,96,33.06,3173.76
North,Widget C,27,45.84,1237.68
Central,Widget A,98,41.72,4088.56
Central,Widget D,19,43.85,833.15
East,Widget B,52,25.14,1307.28
East,Widget A,69,39.06,2695.14
East,Widget B,81,33.81,2738.61
South,Widget D,29,25.15,729.35
Central,Widget C,50,21.43,1071.5
East,Widget B,58,42.96,2491.68
Central,Widget D,30,44.75,1342.5
South,Gadget X,70,38.94,2725.8
North,Widget A,66,17.96,1185.36
West,Widget C,63,32.27,2033.01
Central,Widget B,75,30.29,2271.75
East,Widget C,14,18.75,262.5
Central,Widget D,88,45.44,3998.72
East,Widget A,28,35.23,986.44
Central,Widget B,53,43.15,2286.95
Central,Widget D,41,33.77,1384.57
Central,Widget A,20,43.53,870.6
East,Gadget X,54,48.65,2627.1
East,Widget C,89,34.98,3113.22
West,Widget C,57,49.95,2847.15
South,Widget C,43,14.56,626.08
North,Gadget X,26,46.12,1199.12
East,Widget A,45,23.03,1036.35
East,Widget B,88,18.8,1654.4
West,Widget D,60,20.83,1249.8
West,Widget B,46,32.96,1516.16
West,Widget B,45,31.14,1401.3
East,Widget B,28,45.12,1263.36
Central,Widget B,81,40.45,3276.45
West,Widget C,29,12.86,372.94
West,Widget D,15,30.98,464.7
Central,Widget A,19,20.54,390.26
South,Gadget X,44,43.5,1914.0
South,Gadget X,54,28.68,1548.72
West,Widget D,70,38.88,2721.6
Central,Gadget X,82,37.84,3102.88
East,Widget A,31,14.38,445.78
East,Widget C,1,26.38,26.38
East,Widget A,79,19.43,1534.97
East,Widget D,14,29.93,419.02
East,Widget D,39,23.25,906.75
West,Widget A,68,30.97,2105.96
East,Gadget X,26,48.68,1265.68
East,Widget B,4,11.81,47.24
South,Gadget X,46,34.18,1572.28
Central,Widget B,93,44.93,4178.49
West,Widget D,90,10.27,924.3
East,Widget A,24,38.16,915.84
North,Widget D,7,30.7,214.9
South,Widget D,30,38.52,1155.6
West,Widget A,54,42.88,2315.52
North,Widget C,44,34.72,1527.68
North,Widget B,15,31.3,469.5
East,Gadget X,55,45.56,2505.8
North,Widget C,98,49.31,4832.38
Central,Widget B,93,33.79,3142.47
East,Widget C,34,17.36,590.24
Central,Widget C,39,48.93,1908.27
West,Widget C,48,14.52,696.96
North,Widget D,16,12.72,203.52
North,Gadget X,50,21.94,1097.0
North,Widget C,50,40.63,2031.5
Central,Widget C,48,25.13,1206.24
South,Widget B,92,19.59,1802.28
West,Gadget X,74,32.01,2368.74
Central,Gadget X,50,37.31,1865.5
East,Widget B,67,15.41,1032.47
North,Widget D,60,19.45,1167.0
Central,Widget C,36,47.51,1710.36
East,Gadget X,53,22.18,1175.54
Central,Widget C,71,39.03,2771.13
West,Widget A,11,21.44,235.84
East,Widget D,38,23.12,878.56
West,Widget D,75,49.53,3714.75
Central,Gadget X,33,11.17,368.61
South,Widget A,47,19.47,915.09
North,Widget B,63,36.33,2288.79
South,Gadget X,60,33.79,2027.4
East,Widget B,41,35.5,1455.5
South,Widget B,26,44.72,1162.72
Central,Widget A,83,42.91,3561.53
North,Widget C,53,18.66,988.98
West,Widget B,10,45.51,455.1
South,Widget A,18,14.26,256.68
Central,Widget A,70,18.95,1326.5
West,Widget B,82,46.27,3794.14
West,Gadget X,66,11.54,761.64
East,Widget A,60,28.6,1716.0
North,Widget D,80,35.14,2811.2
North,Widget C,54,10.21,551.34
North,Gadget X,48,44.79,2149.92
South,Widget D,91,25.24,2296.84
Central,Widget D,44,33.19,1460.36
West,Widget D,75,11.64,873.0
East,Gadget X,87,35.17,3059.79
South,Widget C,8,48.27,386.16
South,Widget A,54,46.45,2508.3
Central,Widget B,99,26.21,2594.79
North,Widget D,64,24.12,1543.68
North,Widget A,14,17.96,251.44
Central,Widget A,80,24.21,1936.8
South,Widget D,17,28.5,484.5
Central,Widget C,63,25.54,1609.02
Central,Widget B,99,28.3,2801.7
West,Widget A,13,28.21,366.73
Central,Widget D,44,27.66,1217.04
North,Gadget X,31,33.68,1044.08
Central,Widget D,51,23.31,1188.81
West,Widget A,34,41.32,1404.88
South,Widget C,74,15.94,1179.56
West,Gadget X,84,46.03,3866.52
East,Widget D,13,49.18,639.34
West,Gadget X,94,27.72,2605.68
Central,Gadget X,15,10.46,156.9
West,Gadget X,77,49.17,3786.09
West,Widget B,25,26.95,673.75
Central,Widget B,51,32.61,1663.11
South,Widget C,89,32.09,2856.01
West,Widget A,1,33.63,33.63
West,Widget B,58,34.91,2024.78
North,Widget D,84,25.9,2175.6
Central,Gadget X,74,11.04,816.96
Central,Gadget X,90,12.24,1101.6
Central,Widget C,19,37.76,717.44
West,Gadget X,24,35.27,846.48
South,Widget A,95,39.97,3797.15
West,Gadget X,31,27.1,840.1
West,Widget C,85,47.61,4046.85
South,Widget C,82,18.0,1476.0
West,Widget B,10,28.86,288.6
North,Widget B,74,30.71,2272.54
North,Gadget X,2,32.69,65.38
East,Widget A,88,32.04,2819.52
West,Gadget X,76,33.27,2528.52
East,Widget B,33,27.97,923.01
West,Widget D,26,32.41,842.66
North,Widget A,95,15.42,1464.9
South,Gadget X,69,34.41,2374.29
South,Widget D,64,49.9,3193.6
West,Widget C,48,29.92,1436.16
South,Widget B,77,35.7,2748.9
East,Widget A,36,15.19,546.84
South,Widget B,95,43.4,4123.0
West,Widget C,2,34.96,69.92
South,Gadget X,75,26.64,1998.0
East,Widget D,33,49.78,1642.74
North,Gadget X,93,42.09,3914.37
East,Widget D,3,43.34,130.02
North,Widget A,3,15.89,47.67
East,Widget D,35,13.35,467.25
East,Widget C,85,16.12,1370.2
West,Widget D,100,20.71,2071.0
North,Widget C,91,46.06,4191.46
East,Widget D,33,26.95,889.35
Central,Gadget X,2,23.45,46.9
North,Widget A,90,43.91,3951.9
East,Widget A,6,32.92,197.52
South,Widget A,81,18.91,1531.71
East,Gadget X,92,23.83,2192.36
East,Widget B,45,44.69,2011.05
South,Widget C,58,32.64,1893.12
North,Widget D,45,15.94,717.3
East,Widget D,37,33.99,1257.63
Central,Widget A,33,27.38,903.54
North,Widget A,48,30.08,1443.84
West,Widget B,37,39.16,1448.92
South,Widget C,43,24.19,1040.17
North,Widget A,3,16.06,48.18
West,Widget D,9,17.89,161.01
South,Widget C,6,40.26,241.56
Central,Widget D,14,13.56,189.84
West,Widget A,91,32.55,2962.05
East,Widget A,30,11.46,343.8
West,Widget D,54,13.07,705.78
Central,Widget A,98,25.24,2473.52
East,Widget B,25,31.56,789.0
North,Widget D,33,11.7,386.1
South,Gadget X,21,32.21,676.41
North,Widget D,32,19.68,629.76
West,Widget C,16,25.66,410.56
North,Widget D,55,44.19,2430.45
North,Widget D,37,25.76,953.12
East,Widget D,12,40.84,490.08
Central,Widget C,26,10.07,261.82
West,Widget D,55,10.6,583.0
East,Gadget X,31,19.52,605.12
East,Gadget X,70,39.04,2732.8
East,Widget A,7,10.46,73.22
East,Gadget X,5,14.29,71.45
Central,Widget B,88,35.78,3148.64
North,Widget B,50,43.04,2152.0
East,Widget C,86,14.47,1244.42
East,Widget D,25,23.9,597.5
East,Widget C,17,29.7,504.9
East,Widget A,67,23.83,1596.61
South,Widget D,26,24.38,633.88
North,Widget D,60,22.51,1350.6
South,Widget A,92,10.96,1008.32
East,Widget D,97,15.35,1488.95
West,Widget C,95,22.75,2161.25
South,Gadget X,58,42.05,2438.9
Central,Gadget X,43,38.15,1640.45
Central,Widget D,5,48.07,240.35
South,Widget B,46,18.47,849.62
West,Widget D,9,26.45,238.05
West,Widget B,3,41.93,125.79
East,Gadget X,26,24.16,628.16
West,Gadget X,59,15.37,906.83
North,Widget B,56,43.83,2454.48
Central,Widget D,24,23.12,554.88
North,Widget B,87,16.04,1395.48
South,Widget B,88,30.58,2691.04
East,Widget D,37,29.84,1104.08
South,Widget B,38,48.81,1854.78
East,Widget C,24,13.48,323.52
West,Widget B,12,14.81,177.72
South,Widget C,96,23.41,2247.36
West,Widget B,16,30.56,488.96
East,Widget C,28,23.29,652.12
East,Widget A,54,37.67,2034.18
West,Gadget X,24,16.0,384.0
South,Widget A,44,20.76,913.44
North,Widget B,94,27.44,2579.36
North,Widget D,68,22.26,1513.68
East,Gadget X,3,33.16,99.48
South,Widget D,37,27.91,1032.67
West,Gadget X,36,10.2,367.2
North,Widget D,86,29.82,2564.52
West,Widget C,49,45.42,2225.58
Central,Widget D,91,18.4,1674.4
Central,Widget A,87,45.32,3942.84
Central,Widget B,9,31.41,282.69
North,Widget A,79,44.07,3481.53
West,Gadget X,21,11.99,251.79
East,Widget B,24,42.96,1031.04
West,Widget D,61,15.87,968.07
Central,Widget A,14,12.3,172.2
North,Widget D,39,10.7,417.3
South,Widget A,96,15.84,1520.64
West,Widget C,68,10.87,739.16
West,Widget C,78,23.64,1843.92
West,Widget D,85,19.07,1620.95
North,Gadget X,24,15.98,383.52
West,Gadget X,98,42.75,4189.5
East,Widget A,60,28.7,1722.0
West,Widget B,84,38.55,3238.2
North,Widget A,53,18.03,955.59
Central,Widget D,44,16.02,704.88
West,Gadget X,90,11.61,1044.9
South,Widget D,55,40.07,2203.85
Central,Widget D,24,47.67,1144.08
West,Widget B,7,47.79,334.53
South,Widget D,81,29.59,2396.79
West,Widget D,90,43.85,3946.5
West,Widget C,38,12.7,482.6
South,Widget B,100,31.45,3145.0
East,Widget D,50,23.58,1179.0
West,Widget D,17,25.57,434.69
Central,Widget A,18,38.02,684.36
East,Widget D,52,14.43,750.36
East,Widget B,45,40.99,1844.55
Central,Gadget X,67,42.25,2830.75
North,Gadget X,14,44.01,616.14
North,Widget D,35,14.66,513.1
South,Widget B,19,49.82,946.58
Central,Widget B,7,26.31,184.17
North,Widget D,19,26.69,507.11
Central,Widget D,69,18.85,1300.65
Central,Widget A,91,23.62,2149.42
East,Widget D,28,22.84,639.52
East,Widget D,71,20.1,1427.1
Central,Widget A,33,12.29,405.57
East,Widget C,13,37.6,488.8
South,Gadget X,88,24.21,2130.48
East,Widget D,31,32.59,1010.29
West,Widget A,85,49.22,4183.7
Central,Widget D,10,25.12,251.2
West,Widget B,53,35.66,1889.98
Central,Widget A,88,14.46,1272.48
East,Widget D,57,10.54,600.78
East,Widget C,89,25.63,2281.07
West,Widget C,52,31.55,1640.6
South,Widget B,81,30.77,2492.37
West,Widget D,100,45.68,4568.0
West,Widget C,46,31.58,1452.68
Central,Widget A,13,25.1,326.3
North,Widget D,86,35.99,3095.14
West,Widget B,8,47.08,376.64
Central,Gadget X,20,34.29,685.8
North,Widget D,7,48.39,338.73
East,Widget A,10,15.73,157.3
West,Widget B,33,44.53,1469.49
South,Widget B,73,35.51,2592.23
East,Widget D,52,11.45,595.4
East,Widget A,7,29.13,203.91
West,Widget A,76,20.72,1574.72
South,Widget B,17,25.93,440.81
North,Widget B,8,15.74,125.92
South,Widget A,83,17.61,1461.63
Central,Widget C,54,28.79,1554.66
North,Widget B,6,35.85,215.1
West,Widget A,75,12.66,949.5
North,Gadget X,84,26.84,2254.56
Central,Widget B,84,44.87,3769.08
Central,Widget A,42,47.44,1992.48
North,Widget C,50,25.03,1251.5
East,Gadget X,76,27.41,2083.16
South,Widget B,25,34.46,861.5
South,Widget A,29,48.31,1400.99
West,Widget C,33,27.53,908.49
East,Gadget X,94,11.27,1059.38
Central,Gadget X,31,37.49,1162.19
South,Widget C,34,44.17,1501.78
East,Widget A,45,13.69,616.05
North,Widget B,4,12.43,49.72
West,Widget A,92,30.81,2834.52
East,Gadget X,50,35.14,1757.0
East,Widget B,98,22.13,2168.74
East,Gadget X,18,49.97,899.46
North,Widget C,80,15.47,1237.6
West,Widget D,32,15.62,499.84
North,Widget C,42,22.43,942.06
South,Gadget X,65,46.33,3011.45
South,Widget B,49,19.74,967.26
Central,Widget C,73,44.39,3240.47
South,Widget D,79,28.09,2219.11
East,Widget C,81,29.27,2370.87
North,Widget B,88,38.98,3430.24
North,Widget C,91,26.78,2436.98
South,Widget A,60,33.42,2005.2
East,Widget C,56,15.47,866.32
South,Widget D,13,30.39,395.07
West,Widget C,13,27.38,355.94
East,Widget D,24,44.36,1064.64
Central,Widget A,37,30.44,1126.28
West,Widget C,95,41.22,3915.9
West,Gadget X,59,33.75,1991.25
South,Widget B,67,38.1,2552.7
South,Widget D,63,37.09,2336.67
West,Widget B,45,34.79,1565.55
East,Gadget X,29,48.74,1413.46
North,Gadget X,92,28.83,2652.36
North,Gadget X,79,25.21,1991.59
West,Widget B,7,13.97,97.79
South,Widget B,37,49.68,1838.16
East,Widget A,52,33.26,1729.52
North,Gadget X,19,29.42,558.98
Central,Widget C,62,38.88,2410.56
South,Widget C,48,26.64,1278.72
North,Widget C,99,15.01,1485.99
East,Widget D,15,10.04,150.6
Central,Widget C,16,37.14,594.24
South,Widget C,39,42.97,1675.83
North,Gadget X,79,19.22,1518.38
West,Widget A,1,23.23,23.23
North,Widget B,32,29.51,944.32
West,Widget D,47,44.32,2083.04
North,Gadget X,2,12.54,25.08
South,Widget C,86,35.6,3061.6
West,Widget D,32,31.55,1009.6
East,Gadget X,83,15.33,1272.39
North,Widget D,48,13.58,651.84
Central,Gadget X,57,37.6,2143.2
West,Widget D,83,33.96,2818.68
North,Widget D,87,35.22,3064.14
North,Widget D,87,34.12,2968.44
South,Gadget X,33,31.96,1054.68
Central,Gadget X,90,19.64,1767.6
East,Gadget X,62,27.33,1694.46
West,Gadget X,90,31.84,2865.6
North,Widget D,54,32.91,1777.14
Central,Widget A,29,27.17,787.93
East,Widget B,38,35.41,1345.58
North,Widget B,53,19.2,1017.6
South,Widget C,47,43.75,2056.25
West,Widget C,34,23.97,814.98
South,Widget D,11,25.24,277.64
South,Widget C,3,40.37,121.11
North,Widget B,1,24.84,24.84
Central,Widget B,81,28.55,2312.55
Central,Widget D,36,36.03,1297.08
South,Widget C,77,31.5,2425.5
East,Widget B,27,14.01,378.27
South,Widget D,88,16.89,1486.32
East,Widget D,36,38.08,1370.88
South,Widget B,63,42.45,2674.35
East,Widget D,65,48.43,3147.95
North,Widget D,99,14.82,1467.18
West,Widget D,81,14.53,1176.93
North,Widget D,40,49.07,1962.8
Central,Widget C,88,15.15,1333.2
North,Widget A,55,34.5,1897.5
South,Widget D,41,49.9,2045.9
North,Widget D,66,27.71,1828.86
East,Widget D,77,29.82,2296.14
Central,Gadget X,42,45.84,1925.28
West,Widget A,36,38.56,1388.16
West,Widget C,36,42.87,1543.32
Central,Gadget X,75,14.43,1082.25
Central,Widget B,53,28.0,1484.0
South,Widget D,61,40.08,2444.88
East,Gadget X,100,27.59,2759.0
West,Widget B,4,24.02,96.08
Central,Widget D,26,35.76,929.76
West,Gadget X,28,31.82,890.96
West,Widget B,49,39.39,1930.11
Central,Widget C,23,37.97,873.31
North,Widget D,12,10.26,123.12
North,Widget C,46,24.89,1144.94
East,Widget C,22,44.0,968.0
South,Widget B,64,29.12,1863.68
East,Widget B,94,19.95,1875.3
West,Widget B,60,24.55,1473.0
East,Widget C,42,40.77,1712.34
Central,Gadget X,40,48.67,1946.8
South,Widget C,73,40.04,2922.92
Central,Widget A,10,42.75,427.5
East,Gadget X,66,19.69,1299.54
West,Widget B,53,17.01,901.53
West,Gadget X,6,43.56,261.36
North,Widget C,31,37.66,1167.46
North,Widget A,28,14.99,419.72
Central,Widget C,28,49.47,1385.16
East,Widget C,67,15.16,1015.72
East,Widget B,11,26.6,292.6
Central,Widget C,7,39.72,278.04
West,Gadget X,50,34.21,1710.5
East,Widget C,86,20.31,1746.66
East,Widget A,63,29.36,1849.68
South,Widget D,90,19.39,1745.1
East,Widget C,1,31.43,31.43
North,Gadget X,76,28.9,2196.4
East,Widget C,29,37.19,1078.51
West,Widget B,59,37.9,2236.1
West,Gadget X,22,41.19,906.18
West,Widget A,39,48.88,1906.32
Central,Widget B,82,43.56,3571.92
West,Widget D,89,31.06,2764.34
South,Gadget X,41,23.05,945.05
South,Widget D,67,14.92,999.64
North,Widget D,31,47.79,1481.49
Central,Widget D,50,43.27,2163.5
North,Gadget X,20,48.47,969.4
East,Widget B,65,16.67,1083.55
North,Widget D,83,42.82,3554.06
South,Widget B,92,36.97,3401.24
South,Widget B,82,19.19,1573.58
East,Widget D,56,16.29,912.24
West,Widget A,20,49.77,995.4
Central,Gadget X,66,18.32,1209.12
South,Widget D,1,12.3,12.3
North,Widget A,29,15.29,443.41
Central,Widget B,2,41.36,82.72
West,Widget C,78,15.62,1218.36
Central,Widget C,18,14.42,259.56
North,Widget A,90,43.81,3942.9
East,Widget D,71,14.32,1016.72
West,Gadget X,95,24.5,2327.5
North,Gadget X,15,16.18,242.7
North,Widget D,69,12.73,878.37
East,Widget A,15,13.39,200.85
North,Widget D,94,32.5,3055.0
Central,Widget A,52,34.01,1768.52
North,Widget A,62,13.64,845.68
West,Gadget X,67,30.99,2076.33
East,Widget D,49,46.0,2254.0
West,Gadget X,89,22.11,1967.79
North,Widget C,43,36.91,1587.13
South,Widget B,51,38.29,1952.79
South,Widget B,46,41.16,1893.36
North,Widget B,18,49.59,892.62
North,Widget B,58,31.85,1847.3
East,Widget C,91,44.66,4064.06
Central,Widget C,81,39.58,3205.98
Central,Widget C,38,17.89,679.82
West,Gadget X,82,29.66,2432.12
East,Gadget X,17,47.26,803.42
Central,Widget C,80,25.44,2035.2
East,Widget D,52,38.69,2011.88
West,Gadget X,40,28.95,1158.0
North,Widget D,40,33.88,1355.2
Central,Widget A,53,33.87,1795.11
South,Widget B,22,41.03,902.66
North,Widget A,68,34.4,2339.2
North,Widget B,32,39.21,1254.72
North,Widget C,97,46.44,4504.68
Central,Gadget X,60,34.82,2089.2
East,Widget B,86,34.3,2949.8
East,Gadget X,31,46.48,1440.88
West,Widget C,62,18.0,1116.0
Central,Widget D,92,12.78,1175.76
Central,Widget D,43,15.88,682.84
West,Widget C,25,32.75,818.75
East,Widget D,32,12.52,400.64
East,Widget D,84,19.47,1635.48
North,Widget C,82,22.54,1848.28
West,Widget B,26,21.14,549.64
North,Widget D,8,39.2,313.6
North,Widget B,28,11.58,324.24
North,Widget D,38,48.22,1832.36
East,Widget A,54,22.01,1188.54
Central,Widget A,1,21.84,21.84
West,Gadget X,97,23.57,2286.29
East,Widget C,65,45.16,2935.4
Central,Widget C,2,21.17,42.34
East,Widget A,70,45.63,3194.1
North,Gadget X,84,48.34,4060.56
East,Widget A,42,26.16,1098.72
West,Widget D,56,28.74,1609.44
North,Widget C,77,26.21,2018.17
West,Gadget X,37,37.01,1369.37
East,Widget C,93,31.43,2922.99
Central,Widget A,79,44.07,3481.53
North,Widget C,95,31.79,3020.05
North,Widget A,1,35.88,35.88
West,Gadget X,73,26.29,1919.17
South,Widget A,88,39.92,3512.96
North,Widget D,51,43.8,2233.8
North,Gadget X,26,23.48,610.48
West,Widget B,16,22.45,359.2
North,Widget B,76,45.0,3420.0
North,Gadget X,34,15.98,543.32
East,Gadget X,97,38.04,3689.88
North,Widget C,51,47.44,2419.44
West,Widget C,83,46.61,3868.63
West,Widget C,77,44.87,3454.99
North,Widget A,54,37.68,2034.72
East,Widget A,76,18.53,1408.28
East,Gadget X,60,43.29,2597.4
East,Widget B,36,47.69,1716.84
South,Widget A,8,26.38,211.04
Central,Widget D,18,24.35,438.3
East,Widget C,16,26.19,419.04
East,Gadget X,83,15.2,1261.6
West,Gadget X,37,14.31,529.47
South,Widget C,7,20.31,142.17
North,Widget A,44,48.96,2154.24
South,Widget B,63,30.79,1939.77
Central,Widget A,13,26.07,338.91
West,Gadget X,65,28.22,1834.3
East,Widget C,65,35.99,2339.35
North,Widget B,81,25.8,2089.8
Central,Widget A,35,13.42,469.7
Central,Widget A,35,33.66,1178.1
East,Widget B,19,40.78,774.82
West,Widget B,67,49.96,3347.32
North,Widget C,32,24.22,775.04
South,Widget B,7,21.31,149.17
West,Widget C,93,10.11,940.23
West,Gadget X,78,16.7,1302.6
West,Gadget X,6,28.34,170.04
North,Widget C,98,47.4,4645.2
West,Gadget X,34,18.04,613.36
East,Gadget X,34,26.18,890.12
South,Widget C,90,14.88,1339.2
North,Widget C,50,16.86,843.0
Central,Gadget X,74,15.68,1160.32
East,Widget A,83,24.17,2006.11
North,Widget C,95,16.1,1529.5
Central,Gadget X,85,17.79,1512.15
East,Widget A,70,21.97,1537.9
South,Widget D,49,15.57,762.93
East,Widget C,19,16.36,310.84
North,Widget C,5,11.55,57.75
West,Widget D,94,23.06,2167.64
West,Widget B,63,39.39,2481.57
North,Gadget X,43,44.92,1931.56
North,Widget A,27,17.18,463.86
North,Widget C,48,42.01,2016.48
East,Widget B,45,25.09,1129.05
North,Widget D,19,17.8,338.2
North,Gadget X,20,19.65,393.0
West,Widget A,38,48.8,1854.4
North,Gadget X,50,40.77,2038.5
South,Gadget X,90,43.57,3921.3
North,Widget B,28,35.3,988.4
North,Widget C,84,12.28,1031.52
West,Widget D,38,40.77,1549.26
North,Widget D,13,44.81,582.53
Central,Widget A,93,22.01,2046.93
East,Widget A,15,39.48,592.2
West,Widget A,32,33.83,1082.56
Central,Widget A,51,21.25,1083.75
West,Widget B,28,11.86,332.08
North,Widget C,25,37.95,948.75
West,Gadget X,75,30.44,2283.0
East,Widget C,47,36.01,1692.47
West,Widget D,6,15.74,94.44
Central,Widget C,75,26.41,1980.75
West,Widget B,27,24.99,674.73
West,Gadget X,6,22.68,136.08
East,Widget B,87,39.98,3478.26
Central,Widget D,74,34.25,2534.5
West,Widget B,84,35.5,2982.0
East,Widget C,95,25.44,2416.8
East,Widget B,46,44.47,2045.62
West,Widget C,20,30.63,612.6
East,Widget C,67,38.51,2580.17
Central,Gadget X,33,15.58,514.14
North,Widget A,80,26.28,2102.4
West,Gadget X,55,27.88,1533.4
North,Widget D,35,17.47,611.45
West,Widget B,6,39.84,239.04
South,Widget B,40,23.12,924.8
Central,Widget B,3,44.02,132.06
East,Widget A,15,26.34,395.1
Central,Gadget X,87,12.95,1126.65
South,Widget A,59,11.16,658.44
Central,Widget C,16,31.66,506.56
East,Widget A,49,46.16,2261.84
North,Widget A,60,14.26,855.6
Central,Widget A,74,13.61,1007.14
North,Widget D,9,49.21,442.89
North,Widget B,54,35.02,1891.08
North,Gadget X,35,32.26,1129.1
Central,Widget C,4,25.39,101.56
West,Widget A,9,13.44,120.96
South,Widget A,31,15.42,478.02
Central,Gadget X,7,47.77,334.39
South,Widget C,32,42.55,1361.6
South,Widget D,25,30.69,767.25
South,Widget B,35,27.82,973.7
East,Widget B,76,18.93,1438.68
Central,Widget C,17,15.92,270.64
East,Gadget X,45,15.44,694.8
Central,Widget B,9,24.38,219.42
North,Widget A,62,21.1,1308.2
Central,Widget D,39,46.91,1829.49
West,Widget D,71,12.54,890.34
East,Widget A,75,20.59,1544.25
West,Gadget X,64,46.49,2975.36
East,Widget B,88,28.96,2548.48
West,Widget B,13,25.72,334.36
West,Widget C,39,35.89,1399.71
East,Widget B,41,22.51,922.91
South,Widget B,21,32.31,678.51
West,Gadget X,11,24.74,272.14
West,Widget B,39,16.27,634.53
South,Gadget X,11,18.48,203.28
South,Widget C,37,44.32,1639.84
Central,Widget D,21,49.1,1031.1
South,Widget C,3,24.78,74.34
Central,Widget B,74,44.62,3301.88
West,Widget B,19,30.22,574.18
West,Widget A,96,30.54,2931.84
South,Widget C,58,35.21,2042.18
Central,Widget B,74,36.61,2709.14
South,Widget A,92,12.12,1115.04
East,Widget C,7,29.35,205.45
South,Widget A,63,20.46,1288.98
South,Widget A,27,49.35,1332.45
South,Gadget X,55,19.7,1083.5
South,Widget A,71,43.0,3053.0
Central,Widget A,52,34.66,1802.32
West,Widget A,46,14.96,688.16
Central,Widget A,63,29.49,1857.87
North,Widget B,69,21.58,1489.02
West,Widget B,71,24.13,1713.23
West,Widget A,38,17.41,661.58
North,Widget B,22,49.23,1083.06
North,Widget D,2,48.09,96.18
North,Widget D,82,42.52,3486.64
West,Widget C,58,35.84,2078.72
East,Widget A,54,46.07,2487.78
East,Widget C,86,11.92,1025.12
South,Widget C,3,47.03,141.09
West,Widget C,61,16.26,991.86
Central,Widget B,63,45.21,2848.23
West,Gadget X,50,27.37,1368.5
North,Gadget X,87,16.28,1416.36
East,Gadget X,53,37.84,2005.52
West,Widget D,28,47.11,1319.08
South,Widget D,75,30.82,2311.5
North,Widget A,12,29.84,358.08
North,Gadget X,80,22.78,1822.4
South,Gadget X,56,12.84,719.04
West,Gadget X,44,30.07,1323.08
East,Widget A,11,36.32,399.52
South,Widget D,9,37.04,333.36
South,Widget C,79,34.1,2693.9
West,Gadget X,12,34.55,414.6
South,Widget A,47,40.42,1899.74
Central,Gadget X,24,25.62,614.88
Central,Gadget X,43,45.87,1972.41
West,Gadget X,49,30.87,1512.63
East,Widget D,24,49.63,1191.12
North,Widget B,25,21.77,544.25
Central,Widget B,60,13.39,803.4
South,Widget D,4,45.73,182.92
East,Widget D,90,16.56,1490.4
Central,Widget B,73,48.78,3560.94
South,Widget B,89,29.61,2635.29
East,Widget B,34,28.25,960.5
East,Widget D,1,40.96,40.96
North,Widget D,90,19.71,1773.9
South,Widget A,87,47.39,4122.93
North,Widget A,7,49.56,346.92
West,Widget C,86,45.34,3899.24
East,Gadget X,23,48.96,1126.08
North,Widget B,73,29.58,2159.34
West,Widget B,95,29.96,2846.2
North,Widget D,8,34.92,279.36
West,Gadget X,1,43.35,43.35
Central,Gadget X,48,41.96,2014.08
East,Widget A,41,48.2,1976.2
Central,Gadget X,83,33.11,2748.13
East,Widget B,63,10.25,645.75
Central,Gadget X,28,31.75,889.0
South,Widget C,15,12.81,192.15
West,Widget D,2,38.32,76.64
Central,Widget A,74,49.88,3691.12
Central,Widget B,37,11.15,412.55
Central,Widget C,10,26.15,261.5
North,Gadget X,78,32.69,2549.82
East,Widget A,21,23.2,487.2
Central,Gadget X,52,23.33,1213.16
Central,Widget A,47,22.65,1064.55
East,Widget D,8,32.58,260.64
Central,Gadget X,86,26.11,2245.46
North,Widget A,49,49.73,2436.77
Central,Widget A,60,26.15,1569.0
East,Widget C,91,44.65,4063.15
South,Gadget X,7,36.66,256.62
West,Widget C,59,22.21,1310.39
West,Gadget X,3,31.24,93.72
East,Widget C,66,22.69,1497.54
East,Widget C,33,37.71,1244.43
South,Widget C,73,32.25,2354.25
Central,Widget B,49,37.04,1814.96
Central,Widget D,87,10.88,946.56
Central,Widget A,57,32.15,1832.55
South,Widget A,31,15.48,479.88
South,Widget D,32,33.35,1067.2
Central,Widget B,54,17.28,933.12
West,Gadget X,67,49.03,3285.01
Central,Widget B,40,20.46,818.4
Central,Gadget X,37,10.78,398.86
West,Gadget X,1,46.22,46.22
South,Gadget X,20,24.79,495.8
South,Gadget X,79,47.96,3788.84
West,Widget D,23,48.0,1104.0
North,Gadget X,98,12.47,1222.06
East,Widget B,33,15.8,521.4
Central,Widget D,21,20.56,431.76
South,Widget B,61,13.83,843.63
North,Widget D,86,10.3,885.8
North,Widget A,51,16.65,849.15
Central,Widget B,33,25.45,839.85
West,Widget B,50,33.88,1694.0
North,Widget B,1,15.76,15.76
West,Widget C,55,35.92,1975.6
South,Widget D,96,34.62,3323.52
South,Widget D,74,48.87,3616.38
Central,Widget A,77,47.21,3635.17
East,Widget B,10,45.39,453.9
South,Widget C,25,48.46,1211.5
North,Widget A,97,10.5,1018.5
Central,Gadget X,65,12.59,818.35
North,Widget B,18,46.73,841.14
South,Widget A,98,25.81,2529.38
West,Widget A,16,46.96,751.36
Central,Widget C,48,43.24,2075.52
East,Gadget X,71,48.76,3461.96
East,Widget D,13,38.24,497.12
North,Widget C,80,19.67,1573.6
North,Widget A,73,43.89,3203.97
South,Gadget X,19,10.26,194.94
West,Widget B,99,22.41,2218.59
West,Widget B,32,19.31,617.92
South,Widget D,58,21.1,1223.8
West,Gadget X,5,41.94,209.7
Central,Gadget X,54,49.07,2649.78
East,Widget A,66,35.16,2320.56
West,Gadget X,75,25.83,1937.25
West,Gadget X,75,44.56,3342.0
North,Gadget X,84,45.39,3812.76
West,Widget B,77,34.01,2618.77
Central,Widget A,23,36.51,839.73
South,Gadget X,70,38.59,2701.3
Central,Widget C,13,30.84,400.92
North,Gadget X,95,30.32,2880.4
South,Widget B,7,32.78,229.46
Central,Widget C,92,17.32,1593.44
West,Widget D,84,18.65,1566.6
West,Gadget X,4,40.2,160.8
East,Widget D,42,32.71,1373.82
Central,Widget B,58,36.44,2113.52
East,Gadget X,38,17.07,648.66
Central,Widget C,69,13.06,901.14
Central,Widget C,28,41.15,1152.2
South,Widget B,22,28.93,636.46
South,Widget A,38,22.56,857.28
South,Widget C,13,12.95,168.35
Central,Widget A,50,11.28,564.0
East,Widget C,95,48.37,4595.15
East,Widget B,61,27.11,1653.71
South,Widget A,92,40.64,3738.88
West,Widget B,42,34.09,1431.78
East,Widget C,14,29.48,412.72
West,Gadget X,100,37.7,3770.0
North,Widget D,97,15.98,1550.06
South,Gadget X,61,46.21,2818.81
North,Widget D,89,34.43,3064.27
South,Gadget X,86,45.96,3952.56
North,Widget D,67,23.47,1572.49
North,Widget D,37,13.97,516.89
East,Gadget X,5,18.23,91.15
Central,Widget D,25,46.29,1157.25
East,Widget C,62,28.62,1774.44
South,Widget D,54,42.88,2315.52
South,Widget D,42,13.63,572.46
North,Widget C,17,31.08,528.36
South,Widget B,73,41.46,3026.58
Central,Widget D,42,28.72,1206.24
South,Gadget X,29,38.27,1109.83
South,Widget D,48,13.27,636.96
South,Gadget X,36,33.56,1208.16
West,Widget C,4,28.96,115.84
West,Gadget X,81,11.21,908.01
East,Widget B,9,14.57,131.13
North,Widget D,24,36.89,885.36
East,Widget B,57,48.75,2778.75
South,Widget D,81,21.14,1712.34
South,Widget D,26,16.81,437.06
Central,Widget D,98,35.1,3439.8
South,Widget B,30,17.86,535.8
South,Gadget X,56,27.35,1531.6
North,Widget A,4,12.38,49.52
Central,Widget A,82,15.34,1257.88
West,Widget D,72,36.88,2655.36
South,Widget B,58,10.89,631.62
West,Gadget X,28,12.87,360.36
East,Widget A,93,42.71,3972.03
East,Widget A,22,39.02,858.44
East,Gadget X,42,39.61,1663.62
Central,Widget A,87,42.66,3711.42
West,Widget A,11,40.06,440.66
North,Widget C,74,27.57,2040.18
North,Widget A,19,32.97,626.43
East,Gadget X,29,35.25,1022.25
South,Widget B,4,48.08,192.32
East,Widget B,63,46.38,2921.94
North,Widget D,75,32.64,2448.0
Central,Widget B,23,28.79,662.17
North,Widget A,70,18.63,1304.1
South,Widget A,29,27.89,808.81
West,Widget D,23,40.21,924.83
East,Widget D,29,39.47,1144.63
South,Widget B,1,30.81,30.81
East,Widget C,9,27.42,246.78
South,Widget C,49,12.77,625.73
Central,Widget D,53,20.46,1084.38
South,Widget B,69,37.07,2557.83
Central,Widget D,43,45.72,1965.96
East,Gadget X,99,18.92,1873.08
Central,Widget C,88,24.98,2198.24
Central,Widget D,69,19.65,1355.85
West,Widget D,50,17.6,880.0
North,Gadget X,80,22.21,1776.8
East,Widget D,86,35.39,3043.54
South,Widget B,100,44.69,4469.0
North,Widget D,5,44.88,224.4
South,Widget B,14,44.99,629.86
North,Gadget X,17,36.19,615.23
East,Gadget X,77,17.46,1344.42
West,Widget D,35,34.14,1194.9
West,Widget C,6,36.62,219.72
North,Widget D,44,12.67,557.48
Central,Gadget X,53,47.36,2510.08
East,Gadget X,99,36.29,3592.71
West,Widget D,84,45.46,3818.64
North,Widget A,32,23.35,747.2
East,Widget C,73,39.03,2849.19
East,Widget A,41,46.17,1892.97
North,Widget D,43,49.02,2107.86
North,Widget B,18,28.47,512.46
North,Gadget X,37,46.29,1712.73
South,Widget A,98,27.62,2706.76
North,Widget C,54,16.44,887.76
Central,Widget D,30,14.93,447.9
West,Gadget X,58,13.85,803.3
North,Widget C,80,16.03,1282.4
South,Gadget X,35,30.37,1062.95
South,Widget A,43,40.58,1744.94
West,Widget B,11,45.54,500.94
North,Widget A,83,25.11,2084.13
West,Widget C,47,48.86,2296.42
South,Widget A,51,15.67,799.17
North,Widget D,66,23.24,1533.84
South,Widget B,38,37.52,1425.76
North,Widget B,93,12.95,1204.35
North,Widget C,15,28.6,429.0
West,Widget C,23,39.75,914.25
South,Widget D,28,36.14,1011.92
North,Widget A,14,29.15,408.1
North,Widget D,19,27.66,525.54
East,Gadget X,12,44.95,539.4
Central,Widget D,82,45.34,3717.88
South,Widget D,91,38.55,3508.05
Central,Widget C,70,26.82,1877.4
Central,Widget A,42,24.9,1045.8
Central,Widget D,69,28.34,1955.46
Central,Widget C,13,39.3,510.9
East,Widget B,87,20.52,1785.24
East,Widget D,60,23.05,1383.0
Central,Widget B,43,43.53,1871.79
Central,Widget A,53,43.69,2315.57
North,Widget B,56,26.93,1508.08
West,Widget D,29,10.03,290.87
Central,Widget A,76,19.82,1506.32
Central,Widget A,38,32.83,1247.54
East,Widget C,52,30.1,1565.2
North,Gadget X,22,44.15,971.3
North,Widget D,8,25.14,201.12
Central,Gadget X,84,22.97,1929.48
West,Gadget X,14,18.15,254.1
West,Widget C,81,31.35,2539.35
Central,Widget B,74,15.57,1152.18
West,Widget C,90,17.73,1595.7
West,Widget A,3,36.67,110.01
Central,Widget A,52,16.65,865.8
West,Widget A,43,10.72,460.96
West,Widget B,62,12.3,762.6
South,Gadget X,96,33.07,3174.72
North,Gadget X,83,18.72,1553.76
South,Gadget X,80,25.89,2071.2
East,Widget A,96,16.64,1597.44
Central,Widget D,79,25.5,2014.5
East,Gadget X,15,47.57,713.55
South,Widget B,67,11.58,775.86
South,Widget D,59,37.77,2228.43
West,Widget B,40,39.89,1595.6
East,Widget A,12,17.91,214.92
South,Widget A,81,11.51,932.31
East,Widget D,100,48.33,4833.0
East,Gadget X,2,38.7,77.4
East,Widget A,13,28.49,370.37
West,Gadget X,3,29.62,88.86
South,Widget D,68,30.2,2053.6
East,Widget B,77,24.4,1878.8
North,Widget C,10,23.4,234.0
Central,Widget A,41,45.52,1866.32
Central,Widget D,3,22.95,68.85
North,Widget C,77,23.62,1818.74
North,Widget C,68,18.05,1227.4
South,Gadget X,95,33.84,3214.8
North,Widget A,30,43.38,1301.4
South,Widget A,18,29.55,531.9
South,Widget A,59,31.37,1850.83
East,Widget D,29,23.76,689.04
East,Widget D,47,15.86,745.42
Central,Widget D,66,18.93,1249.38
North,Widget C,62,11.5,713.0
North,Widget B,5,24.87,124.35
West,Gadget X,13,24.68,320.84
East,Gadget X,12,41.15,493.8
South,Widget D,82,29.69,2434.58
East,Widget B,19,34.03,646.57
Central,Gadget X,17,16.21,275.57
Central,Widget D,68,12.53,852.04
North,Widget C,56,44.89,2513.84
East,Widget C,89,40.56,3609.84
West,Gadget X,91,17.26,1570.66
South,Widget A,58,13.81,800.98
North,Widget C,74,16.91,1251.34
North,Widget B,29,13.29,385.41
East,Widget C,70,32.63,2284.1
East,Gadget X,17,37.11,630.87
East,Widget C,28,13.6,380.8
Central,Widget A,2,31.63,63.26
Central,Widget C,22,44.49,978.78
North,Widget A,36,26.0,936.0
East,Widget A,86,34.38,2956.68
Central,Widget B,74,30.03,2222.22
South,Widget A,20,40.97,819.4
Central,Widget A,63,31.27,1970.01
West,Widget D,26,24.63,640.38
West,Widget A,64,49.0,3136.0
North,Widget C,90,43.19,3887.1
South,Widget B,91,19.4,1765.4
Central,Widget B,7,24.25,169.75
Central,Widget A,90,25.3,2277.0
North,Widget D,75,37.02,2776.5
East,Widget C,32,30.21,966.72
East,Widget A,88,41.85,3682.8
South,Widget D,80,48.25,3860.0
East,Widget D,95,33.2,3154.0
Central,Widget B,1,34.64,34.64
East,Widget B,16,16.0,256.0
North,Widget B,6,23.73,142.38
Central,Widget D,56,31.22,1748.32
North,Gadget X,3,16.85,50.55
South,Widget D,12,31.27,375.24
North,Widget C,39,41.2,1606.8
South,Widget A,2,33.2,66.4
East,Widget D,22,35.34,777.48
East,Gadget X,34,19.07,648.38
Central,Widget B,55,39.66,2181.3
West,Gadget X,31,43.72,1355.32
North,Gadget X,8,26.37,210.96
North,Widget D,39,29.81,1162.59
East,Widget B,7,36.13,252.91
North,Widget C,7,30.38,212.66
Central,Widget C,26,25.73,668.98
Central,Widget A,51,41.79,2131.29
Central,Gadget X,93,18.92,1759.56
North,Gadget X,29,33.89,982.81
South,Widget C,92,41.5,3818.0
West,Widget D,55,41.78,2297.9
South,Gadget X,83,12.35,1025.05
North,Widget D,67,33.11,2218.37
Central,Widget B,66,31.16,2056.56
North,Gadget X,68,17.52,1191.36
East,Widget C,80,15.78,1262.4
North,Widget B,49,27.48,1346.52
South,Gadget X,91,42.16,3836.56
East,Widget D,87,10.67,928.29
West,Widget C,72,22.84,1644.48
West,Widget C,85,27.69,2353.65
North,Gadget X,89,47.45,4223.05
West,Widget B,10,34.73,347.3
West,Widget B,61,15.31,933.91
West,Widget B,57,15.29,871.53
South,Widget A,77,35.92,2765.84
Central,Widget B,23,10.57,243.11
Central,Gadget X,43,16.22,697.46
Central,Widget C,68,17.18,1168.24
Central,Widget A,30,40.77,1223.1
East,Widget A,89,16.91,1504.99
South,Gadget X,39,22.67,884.13
West,Widget A,10,14.22,142.2
South,Widget B,3,33.34,100.02
South,Widget B,88,18.64,1640.32
West,Widget B,85,12.33,1048.05
East,Widget B,5,28.72,143.6
South,Widget C,38,44.95,1708.1
South,Gadget X,75,17.33,1299.75
South,Widget D,64,39.2,2508.8
East,Widget D,21,41.04,861.84
South,Gadget X,60,36.11,2166.6
East,Widget C,68,12.84,873.12
Central,Widget B,53,44.35,2350.55
North,Gadget X,82,18.76,1538.32
South,Widget C,47,46.3,2176.1
North,Widget D,35,40.31,1410.85
Central,Gadget X,7,20.23,141.61
North,Widget A,2,42.16,84.32
South,Widget D,57,31.65,1804.05
North,Widget C,99,41.56,4114.44
East,Gadget X,63,44.58,2808.54
East,Widget B,25,48.89,1222.25
Central,Widget B,54,33.34,1800.36
East,Widget D,84,42.45,3565.8
West,Gadget X,17,46.72,794.24
East,Widget B,46,22.85,1051.1
Central,Gadget X,2,47.56,95.12
West,Widget D,49,11.94,585.06
East,Widget B,8,19.6,156.8
East,Gadget X,50,19.99,999.5
Central,Widget C,100,17.16,1716.0
South,Widget D,82,12.85,1053.7
Central,Widget D,21,49.35,1036.35
North,Widget B,95,49.27,4680.65
Central,Widget A,21,34.44,723.24
North,Widget D,60,40.05,2403.0
North,Widget B,13,45.02,585.26
West,Gadget X,35,24.19,846.65
Central,Widget B,100,30.96,3096.0
Central,Widget A,96,20.19,1938.24
East,Widget A,21,26.36,553.56
South,Widget A,50,23.42,1171.0
North,Widget C,13,38.7,503.1
South,Widget C,6,43.34,260.04
West,Widget C,5,12.89,64.45
Central,Widget C,62,32.83,2035.46
South,Gadget X,62,24.87,1541.94
East,Widget A,34,35.53,1208.02
East,Gadget X,34,15.89,540.26
West,Widget C,91,15.6,1419.6
West,Widget A,11,16.51,181.61
South,Widget C,56,36.13,2023.28
West,Widget B,30,40.32,1209.6
West,Widget B,3,40.36,121.08
West,Gadget X,41,22.5,922.5
West,Widget C,19,18.98,360.62
East,Widget A,100,45.95,4595.0
Central,Widget C,30,29.04,871.2
Central,Widget D,37,10.58,391.46
South,Widget B,81,13.97,1131.57
North,Widget D,66,20.24,1335.84
South,Widget B,30,23.14,694.2
South,Widget B,60,26.72,1603.2
Central,Widget D,21,49.9,1047.9
South,Widget D,70,37.23,2606.1
Central,Widget D,41,41.54,1703.14
North,Widget B,94,16.68,1567.92
West,Widget B,11,42.62,468.82
North,Widget A,40,38.92,1556.8
West,Gadget X,92,27.5,2530.0
East,Widget B,55,41.72,2294.6
Central,Widget A,76,37.61,2858.36
East,Widget A,4,48.35,193.4
East,Widget B,9,20.43,183.87
North,Widget A,66,40.71,2686.86
West,Widget A,55,38.01,2090.55
South,Gadget X,78,48.42,3776.76
South,Widget C,69,13.41,925.29
Central,Widget D,64,24.73,1582.72
South,Widget B,74,46.97,3475.78
North,Widget D,84,25.12,2110.08
Central,Widget C,96,34.82,3342.72
Central,Gadget X,59,16.14,952.26
North,Widget D,36,21.96,790.56
East,Gadget X,48,39.23,1883.04
Central,Widget C,19,46.92,891.48
North,Widget D,51,15.87,809.37
West,Widget A,69,43.3,2987.7
Central,Widget C,57,17.8,1014.6
West,Widget D,91,27.25,2479.75
East,Gadget X,16,26.06,416.96
North,Widget D,47,18.8,883.6
Central,Gadget X,97,32.7,3171.9
North,Gadget X,10,46.88,468.8
East,Widget A,47,22.21,1043.87
Central,Gadget X,69,27.81,1918.89
South,Widget D,79,10.43,823.97
West,Widget A,48,19.01,912.48
East,Widget A,25,48.45,1211.25
East,Gadget X,90,25.98,2338.2
East,Widget D,86,17.55,1509.3
North,Widget C,20,22.31,446.2
West,Widget A,54,12.32,665.28
East,Widget B,100,46.9,4690.0
Central,Widget B,67,20.28,1358.76
South,Widget B,7,49.78,348.46
Central,Widget B,3,12.22,36.66
North,Widget C,86,48.81,4197.66
East,Widget D,40,31.36,1254.4
Central,Widget D,31,22.13,686.03
Central,Widget D,4,23.83,95.32
East,Widget A,61,40.67,2480.87
South,Widget D,71,27.27,1936.17
Central,Widget A,92,39.57,3640.44
Central,Widget A,65,11.8,767.0
East,Gadget X,84,26.43,2220.12
East,Widget D,71,46.14,3275.94
Central,Widget C,32,25.6,819.2
South,Widget C,31,39.12,1212.72
Central,Gadget X,58,33.25,1928.5
East,Widget D,81,47.85,3875.85
East,Widget A,97,44.32,4299.04
East,Widget C,68,24.74,1682.32
Central,Widget A,39,42.77,1668.03
North,Widget D,1,23.57,23.57
South,Widget B,24,32.81,787.44
East,Widget A,54,49.44,2669.76
North,Widget B,78,41.56,3241.68
North,Widget B,91,37.76,3436.16
Central,Widget D,71,45.27,3214.17
Central,Widget B,76,22.73,1727.48
South,Widget D,10,31.0,310.0
South,Widget A,19,30.41,577.79
South,Widget D,28,22.41,627.48
East,Gadget X,45,33.79,1520.55
West,Widget D,34,43.6,1482.4
North,Widget D,94,46.94,4412.36
East,Gadget X,45,25.38,1142.1
South,Widget C,30,18.49,554.7
Central,Widget C,72,13.48,970.56
West,Widget D,58,25.14,1458.12
West,Widget B,47,49.34,2318.98
West,Widget D,77,38.78,2986.06
West,Gadget X,32,36.7,1174.4
West,Widget D,3,41.64,124.92
East,Widget D,53,12.66,670.98
Central,Widget C,32,46.07,1474.24
West,Widget C,74,17.46,1292.04
North,Gadget X,26,40.06,1041.56
Central,Widget C,99,48.97,4848.03
Central,Widget C,41,13.98,573.18
South,Widget B,80,23.44,1875.2
North,Widget C,100,15.5,1550.0
West,Widget B,62,12.43,770.66
South,Widget C,54,15.42,832.68
South,Widget D,64,33.01,2112.64
East,Gadget X,20,26.98,539.6
East,Widget D,53,19.96,1057.88
West,Gadget X,36,17.36,624.96
North,Widget D,62,10.8,669.6
South,Widget D,76,47.38,3600.88
Central,Widget B,51,49.61,2530.11
South,Gadget X,85,49.83,4235.55
South,Gadget X,74,46.55,3444.7
East,Widget A,38,43.91,1668.58
South,Widget D,60,33.86,2031.6
South,Widget C,2,42.33,84.66
East,Widget D,60,46.11,2766.6
Central,Widget D,31,26.95,835.45
South,Widget D,73,38.88,2838.24
North,Widget B,84,11.48,964.32
East,Widget D,48,24.18,1160.64
Central,Widget D,28,46.74,1308.72
South,Gadget X,61,29.25,1784.25
West,Widget D,82,15.73,1289.86
South,Widget B,96,39.15,3758.4
East,Widget A,77,11.95,920.15
Central,Gadget X,87,35.0,3045.0
North,Gadget X,53,14.9,789.7
East,Widget A,80,36.69,2935.2
Central,Gadget X,97,20.57,1995.29
North,Widget D,16,37.51,600.16
North,Gadget X,56,10.2,571.2
South,Widget D,51,35.41,1805.91
South,Widget C,9,22.82,205.38
East,Widget A,6,38.42,230.52
North,Widget B,69,44.88,3096.72
Central,Gadget X,15,31.03,465.45
East,Widget B,39,18.11,706.29
Central,Widget C,76,36.74,2792.24
West,Widget D,23,28.24,649.52
East,Widget B,29,22.11,641.19
East,Widget C,69,22.02,1519.38
East,Widget C,16,27.07,433.12
East,Gadget X,24,16.41,393.84
East,Widget B,73,41.08,2998.84
Central,Widget B,7,35.5,248.5
South,Gadget X,8,15.58,124.64
South,Widget A,91,18.55,1688.05
North,Widget D,82,10.03,822.46
South,Widget A,56,41.5,2324.0
East,Widget D,100,42.5,4250.0
Central,Widget D,23,20.94,481.62
South,Widget B,59,42.61,2513.99
North,Widget D,78,24.77,1932.06
North,Gadget X,84,25.18,2115.12
North,Widget D,9,36.0,324.0
Central,Widget A,81,16.05,1300.05
Central,Widget C,15,19.18,287.7
West,Widget B,49,36.84,1805.16
East,Gadget X,4,33.28,133.12
North,Gadget X,55,49.81,2739.55
South,Widget B,89,27.86,2479.54
Central,Widget B,34,42.6,1448.4
North,Gadget X,77,38.09,2932.93
South,Gadget X,42,10.59,444.78
West,Gadget X,28,39.25,1099.0
North,Widget D,81,31.01,2511.81
North,Gadget X,48,18.24,875.52
North,Gadget X,54,32.0,1728.0
South,Widget B,14,28.99,405.86
North,Gadget X,64,13.3,851.2
Central,Widget B,20,43.52,870.4
East,Widget C,9,10.06,90.54
Central,Widget C,3,24.4,73.2
East,Widget A,28,32.32,904.96
East,Widget A,60,44.83,2689.8
West,Gadget X,15,26.4,396.0
West,Widget A,55,49.78,2737.9
South,Widget B,80,10.24,819.2
Central,Widget C,38,16.64,632.32
Central,Widget D,42,37.8,1587.6
West,Widget D,47,26.38,1239.86
Central,Widget C,36,18.05,649.8
South,Widget B,63,37.7,2375.1
South,Widget A,22,29.59,650.98
West,Widget C,33,17.21,567.93
Central,Widget B,62,11.68,724.16
North,Widget C,68,14.24,968.32
North,Widget D,79,21.84,1725.36
North,Widget C,59,18.43,1087.37
East,Gadget X,83,10.76,893.08
South,Widget A,85,27.16,2308.6
Central,Widget A,49,34.64,1697.36
Central,Widget C,2,12.08,24.16
East,Widget B,67,37.79,2531.93
Central,Gadget X,73,19.65,1434.45
Central,Widget D,15,17.72,265.8
South,Widget B,83,44.22,3670.26
North,Widget B,65,34.59,2248.35
East,Widget B,51,18.02,919.02
North,Widget D,16,48.35,773.6
North,Widget D,66,21.97,1450.02
North,Widget C,16,40.05,640.8
Central,Widget A,24,35.96,863.04
South,Widget B,86,24.43,2100.98
West,Widget B,18,22.85,411.3
Central,Widget C,100,39.15,3915.0
South,Widget D,14,14.61,204.54
East,Widget A,68,38.88,2643.84
South,Widget A,10,31.31,313.1
East,Widget D,59,13.67,806.53
West,Widget B,83,24.16,2005.28
West,Gadget X,79,29.66,2343.14
East,Widget B,16,16.84,269.44
Central,Widget C,28,48.37,1354.36
South,Widget C,67,11.73,785.91
West,Gadget X,11,48.09,528.99
East,Widget D,98,43.27,4240.46
Central,Widget A,3,20.26,60.78
Central,Widget A,20,10.89,217.8
South,Widget B,14,45.41,635.74
West,Widget B,73,34.03,2484.19
West,Widget C,89,39.99,3559.11
West,Gadget X,67,36.95,2475.65
Central,Widget C,56,33.0,1848.0
North,Widget A,2,31.71,63.42
South,Widget A,57,44.8,2553.6
Central,Widget C,87,20.7,1800.9
West,Widget D,68,29.78,2025.04
West,Widget D,18,46.56,838.08
South,Widget A,57,40.55,2311.35
North,Widget C,37,12.6,466.2
South,Gadget X,95,46.11,4380.45
West,Widget C,53,26.48,1403.44
West,Widget D,93,15.85,1474.05
West,Widget B,34,44.79,1522.86
Central,Gadget X,78,37.69,2939.82
Central,Widget A,4,23.31,93.24
West,Gadget X,44,23.24,1022.56
South,Widget D,79,22.79,1800.41
East,Widget C,94,10.04,943.76
East,Gadget X,89,34.87,3103.43
East,Widget C,25,42.01,1050.25
South,Widget D,39,32.96,1285.44
West,Widget D,97,13.06,1266.82
East,Widget B,26,29.25,760.5
North,Gadget X,99,43.04,4260.96
South,Widget C,28,39.66,1110.48
North,Widget A,72,32.33,2327.76
East,Widget A,56,23.4,1310.4
North,Widget A,44,15.27,671.88
West,Widget D,28,35.21,985.88
Central,Widget A,1,26.4,26.4
South,Widget A,81,33.73,2732.13
East,Widget A,8,37.21,297.68
Central,Widget A,58,41.85,2427.3
South,Widget B,56,14.91,834.96
West,Widget B,35,23.45,820.75
Central,Widget A,47,29.03,1364.41
Central,Gadget X,89,49.8,4432.2
West,Gadget X,84,10.14,851.76
West,Widget B,6,33.74,202.44
North,Gadget X,27,32.76,884.52
South,Widget B,93,12.37,1150.41
Central,Gadget X,4,13.52,54.08
West,Widget C,52,38.77,2016.04
South,Widget B,70,40.66,2846.2
West,Widget B,4,48.78,195.12
West,Widget B,8,47.93,383.44
North,Gadget X,94,37.05,3482.7
South,Widget D,87,32.85,2857.95
North,Widget A,54,24.68,1332.72
East,Widget B,47,12.91,606.77
North,Widget A,77,37.54,2890.58
Central,Gadget X,35,34.31,1200.85
North,Widget A,82,43.03,3528.46
Central,Widget D,17,26.57,451.69
South,Widget D,17,42.45,721.65
Central,Widget D,20,41.38,827.6
Central,Widget C,14,42.85,599.9
Central,Gadget X,8,17.68,141.44
North,Widget A,92,32.22,2964.24
North,Gadget X,76,47.8,3632.8
Central,Gadget X,35,12.51,437.85
Central,Gadget X,52,23.63,1228.76
South,Widget A,31,20.07,622.17
North,Widget A,55,22.44,1234.2
West,Gadget X,25,41.03,1025.75
West,Gadget X,18,48.54,873.72
West,Widget B,17,38.88,660.96
South,Widget D,78,17.71,1381.38
Central,Gadget X,81,19.54,1582.74
Central,Widget B,78,29.04,2265.12
West,Widget D,37,18.63,689.31
South,Gadget X,75,27.85,2088.75
West,Widget B,95,48.31,4589.45
Central,Gadget X,23,12.73,292.79
Central,Gadget X,7,23.67,165.69
East,Widget B,35,49.43,1730.05
West,Widget D,50,38.1,1905.0
North,Widget C,91,34.72,3159.52
North,Gadget X,3,23.2,69.6
West,Widget B,77,31.87,2453.99
West,Widget B,99,46.85,4638.15
West,Widget D,13,47.23,613.99
West,Widget D,95,25.88,2458.6
East,Widget B,79,49.9,3942.1
West,Widget D,56,40.1,2245.6
South,Widget B,11,37.97,417.67
West,Gadget X,64,35.32,2260.48
Central,Widget D,37,40.84,1511.08
East,Gadget X,57,35.36,2015.52
East,Gadget X,18,45.05,810.9
East,Gadget X,92,17.1,1573.2
South,Gadget X,56,28.3,1584.8
East,Widget B,19,49.02,931.38
South,Widget D,11,31.29,344.19
North,Widget A,30,29.69,890.7
West,Widget B,31,11.89,368.59
East,Widget A,4,29.21,116.84
West,Gadget X,4,18.91,75.64
North,Widget B,53,28.82,1527.46
Central,Widget A,31,20.35,630.85
South,Widget D,24,27.11,650.64
North,Widget A,20,35.86,717.2
North,Widget B,47,17.36,815.92
Central,Gadget X,69,30.46,2101.74
North,Widget B,99,23.79,2355.21
South,Widget A,21,46.38,973.98
West,Gadget X,16,30.68,490.88
South,Widget A,6,44.27,265.62
North,Widget A,82,29.24,2397.68
North,Widget C,9,16.63,149.67
East,Gadget X,87,45.35,3945.45
Central,Widget C,9,34.59,311.31
South,Gadget X,34,20.35,691.9
West,Widget A,7,14.52,101.64
East,Widget A,92,48.46,4458.32
North,Widget D,17,15.89,270.13
Central,Widget A,24,41.88,1005.12
Central,Widget A,12,38.8,465.6
North,Widget B,41,35.8,1467.8
South,Widget A,13,27.66,359.58
East,Widget B,72,28.37,2042.64
South,Widget D,29,29.52,856.08
North,Widget A,59,16.13,951.67
East,Widget D,48,34.61,1661.28
South,Widget A,1,32.24,32.24
East,Widget A,76,18.36,1395.36
Central,Widget C,98,45.8,4488.4
South,Widget D,4,35.34,141.36
North,Gadget X,77,43.23,3328.71
Central,Widget D,62,41.51,2573.62
South,Widget D,12,27.71,332.52
West,Widget B,50,18.71,935.5
North,Widget A,17,13.37,227.29
Central,Gadget X,9,47.35,426.15
East,Widget C,89,26.4,2349.6
East,Widget C,36,25.38,913.68
Central,Widget D,33,16.14,532.62
West,Widget C,15,43.9,658.5
Central,Widget A,46,45.76,2104.96
North,Widget D,72,32.53,2342.16
Central,Widget B,38,14.98,569.24
East,Widget B,78,12.16,948.48
North,Widget C,86,42.89,3688.54
East,Widget B,43,15.71,675.53
Central,Widget B,99,47.78,4730.22
Central,Widget A,30,14.03,420.9
West,Widget D,37,15.9,588.3
North,Widget D,90,20.03,1802.7
Central,Widget B,78,45.26,3530.28
West,Widget A,28,36.87,1032.36
South,Widget C,93,22.36,2079.48
South,Widget C,30,31.37,941.1
East,Widget B,84,27.34,2296.56
North,Widget B,76,27.73,2107.48
Central,Widget B,98,33.43,3276.14
Central,Widget D,18,38.27,688.86
South,Widget A,35,36.45,1275.75
East,Widget A,9,23.59,212.31
West,Widget B,82,25.17,2063.94
Central,Widget B,22,34.87,767.14
South,Widget C,29,27.68,802.72
Central,Widget B,65,25.65,1667.25
North,Widget C,34,26.54,902.36
Central,Gadget X,81,20.91,1693.71
West,Widget D,38,23.82,905.16
East,Widget A,35,41.36,1447.6
West,Widget B,34,13.75,467.5
Central,Widget B,90,28.55,2569.5
Central,Gadget X,50,40.68,2034.0
Central,Widget C,16,18.79,300.64
Central,Widget C,10,42.28,422.8
West,Widget C,62,16.53,1024.86
West,Widget C,83,13.95,1157.85
Central,Gadget X,89,35.14,3127.46
North,Gadget X,13,21.41,278.33
West,Gadget X,63,42.81,2697.03
East,Widget B,59,46.57,2747.63
Central,Widget A,12,17.36,208.32
North,Widget B,21,25.17,528.57
Central,Gadget X,12,39.38,472.56
North,Widget D,69,38.99,2690.31
Central,Widget A,10,34.89,348.9
East,Widget C,69,32.22,2223.18
West,Widget A,70,49.1,3437.0
Central,Widget A,99,22.15,2192.85
North,Widget B,85,36.89,3135.65
South,Widget D,68,20.76,1411.68
South,Widget B,97,39.35,3816.95
North,Widget B,4,22.09,88.36
South,Widget C,5,12.09,60.45
North,Widget A,58,45.55,2641.9
North,Gadget X,79,37.58,2968.82
North,Widget D,88,35.18,3095.84
North,Gadget X,76,30.95,2352.2
South,Widget D,35,20.44,715.4
South,Widget C,17,23.96,407.32
West,Widget C,58,15.74,912.92
West,Gadget X,97,17.16,1664.52
East,Gadget X,49,16.67,816.83
North,Gadget X,23,16.02,368.46
East,Gadget X,56,26.8,1500.8
East,Widget A,58,37.04,2148.32
Central,Gadget X,79,22.89,1808.31
South,Gadget X,39,26.82,1045.98
North,Gadget X,8,29.28,234.24
East,Widget D,13,25.25,328.25
Central,Widget C,31,47.51,1472.81
South,Widget D,64,36.81,2355.84
East,Widget B,23,35.51,816.73
Central,Widget D,100,17.98,1798.0
North,Gadget X,68,43.45,2954.6
East,Widget B,94,12.32,1158.08
South,Widget D,82,22.52,1846.64
North,Widget B,78,37.82,2949.96
South,Widget C,64,16.3,1043.2
North,Widget C,25,36.74,918.5
East,Gadget X,99,40.87,4046.13
South,Gadget X,27,46.79,1263.33
West,Widget D,56,12.41,694.96
East,Widget B,40,26.4,1056.0
South,Gadget X,3,30.73,92.19
South,Widget B,77,27.46,2114.42
Central,Widget B,38,23.88,907.44
North,Gadget X,4,28.78,115.12
West,Widget C,40,30.91,1236.4
Central,Widget A,65,36.13,2348.45
East,Widget A,69,31.4,2166.6
North,Widget A,80,43.91,3512.8
North,Widget C,83,28.41,2358.03
South,Widget D,95,14.96,1421.2
West,Widget B,55,33.66,1851.3
South,Gadget X,35,31.85,1114.75
East,Widget B,19,38.99,740.81
North,Widget D,51,24.06,1227.06
Central,Gadget X,93,16.51,1535.43
South,Gadget X,45,24.19,1088.55
East,Widget C,28,30.6,856.8
West,Widget D,45,30.68,1380.6
Central,Widget C,33,33.06,1090.98
West,Widget B,41,15.25,625.25
East,Widget B,52,48.15,2503.8
Central,Widget C,2,22.63,45.26
South,Widget B,57,40.95,2334.15
Central,Gadget X,97,37.78,3664.66
East,Widget A,63,13.79,868.77
South,Widget C,16,46.4,742.4
North,Gadget X,86,13.35,1148.1
Central,Widget D,78,18.59,1450.02
Central,Widget D,58,12.29,712.82
West,Widget C,96,35.1,3369.6
North,Widget A,76,11.43,868.68
East,Widget C,13,27.16,353.08
East,Widget B,83,31.32,2599.56
West,Widget D,76,40.14,3050.64
North,Widget B,49,37.27,1826.23
East,Gadget X,13,41.18,535.34
South,Widget D,63,11.51,725.13
Central,Widget B,30,49.68,1490.4
South,Widget A,9,39.73,357.57
South,Widget A,55,15.69,862.95
West,Gadget X,83,29.52,2450.16
West,Widget C,1,24.11,24.11
South,Gadget X,64,35.77,2289.28
East,Widget D,21,45.82,962.22
Central,Widget B,94,31.98,3006.12
West,Widget B,54,32.09,1732.86
North,Widget D,1,32.13,32.13
South,Gadget X,73,25.54,1864.42
East,Gadget X,29,39.55,1146.95
East,Widget C,72,42.35,3049.2
North,Widget B,38,16.81,638.78
North,Widget A,25,24.03,600.75
North,Widget A,59,44.35,2616.65
West,Widget D,52,30.71,1596.92
East,Gadget X,68,24.66,1676.88
North,Widget D,27,19.98,539.46
North,Widget C,49,35.59,1743.91
East,Widget B,57,47.59,2712.63
North,Widget A,95,15.83,1503.85
Central,Gadget X,47,37.83,1778.01
North,Gadget X,40,47.56,1902.4
Central,Widget B,8,16.04,128.32
South,Gadget X,43,29.4,1264.2
West,Widget A,84,23.85,2003.4
South,Widget A,78,13.45,1049.1
North,Widget B,7,11.46,80.22
East,Gadget X,85,44.35,3769.75
South,Widget B,85,30.19,2566.15
East,Widget C,18,19.36,348.48
West,Widget B,10,20.16,201.6
West,Widget D,2,11.68,23.36
Central,Gadget X,51,41.39,2110.89
North,Widget B,37,46.56,1722.72
North,Gadget X,45,26.84,1207.8
East,Widget B,57,45.78,2609.46
South,Widget B,76,31.65,2405.4
North,Widget B,42,48.57,2039.94
North,Gadget X,95,40.84,3879.8
West,Widget D,19,14.36,272.84
North,Widget C,65,21.75,1413.75
West,Gadget X,47,40.16,1887.52
South,Gadget X,5,37.6,188.0
Central,Widget A,37,19.7,728.9
South,Widget D,39,33.19,1294.41
Central,Widget A,82,13.7,1123.4
West,Widget B,5,32.78,163.9
South,Widget C,44,42.58,1873.52
South,Widget B,82,37.77,3097.14
Central,Widget D,68,25.84,1757.12
North,Widget C,29,46.26,1341.54
North,Gadget X,28,44.72,1252.16
North,Widget A,63,20.27,1277.01
East,Widget A,71,26.05,1849.55
West,Gadget X,38,17.44,662.72
West,Widget D,69,35.85,2473.65
East,Widget B,54,43.82,2366.28
South,Widget A,85,14.0,1190.0
South,Gadget X,82,14.35,1176.7
West,Gadget X,91,47.22,4297.02
West,Widget A,84,29.79,2502.36
North,Widget D,94,36.58,3438.52
West,Widget D,71,39.66,2815.86
Central,Widget A,18,30.21,543.78
South,Widget A,61,43.5,2653.5
East,Widget A,45,39.63,1783.35
North,Widget C,7,25.47,178.29
East,Widget B,81,20.25,1640.25
Central,Widget A,12,32.27,387.24
Central,Widget C,99,16.02,1585.98
North,Widget B,6,39.76,238.56
East,Widget A,62,35.54,2203.48
Central,Widget C,94,13.13,1234.22
Central,Gadget X,66,39.51,2607.66
South,Widget B,68,34.29,2331.72
South,Widget D,84,11.48,964.32
West,Widget A,14,31.04,434.56
Central,Widget A,5,15.51,77.55
East,Widget C,84,48.18,4047.12
West,Widget A,35,45.6,1596.0
North,Widget D,1,36.42,36.42
West,Widget A,2,19.41,38.82
Central,Widget A,4,49.67,198.68
North,Gadget X,2,24.61,49.22
East,Widget C,26,31.12,809.12
Central,Gadget X,52,49.77,2588.04
North,Widget A,94,48.75,4582.5
North,Widget D,60,34.32,2059.2
West,Gadget X,5,32.71,163.55
South,Gadget X,26,21.58,561.08
West,Widget D,42,23.95,1005.9
West,Widget D,100,28.08,2808.0
Central,Widget B,27,46.49,1255.23
Central,Gadget X,51,10.89,555.39
West,Gadget X,39,17.52,683.28
East,Gadget X,14,25.81,361.34
East,Gadget X,62,34.84,2160.08
West,Gadget X,70,25.03,1752.1
North,Widget A,37,21.81,806.97
West,Widget B,12,34.07,408.84
Central,Widget B,69,17.71,1221.99
North,Widget D,10,49.75,497.5
Central,Gadget X,25,25.9,647.5
East,Widget B,49,13.9,681.1
North,Widget A,85,14.2,1207.0
Central,Widget C,91,36.58,3328.78
Central,Widget B,13,14.17,184.21
East,Gadget X,60,37.26,2235.6
East,Widget D,2,36.8,73.6
East,Widget C,84,21.16,1777.44
South,Widget C,32,41.73,1335.36
West,Gadget X,97,39.19,3801.43
East,Widget D,69,34.56,2384.64
East,Widget C,49,49.22,2411.78
West,Gadget X,74,24.68,1826.32
South,Widget A,56,35.41,1982.96
North,Widget C,87,31.76,2763.12
East,Widget D,17,23.97,407.49
North,Gadget X,99,32.2,3187.8
Central,Widget A,44,14.68,645.92
South,Widget D,64,23.19,1484.16
Central,Gadget X,78,47.47,3702.66
North,Widget D,7,25.24,176.68
North,Widget A,11,36.18,397.98
North,Widget C,64,21.25,1360.0
North,Widget A,86,33.88,2913.68
West,Gadget X,28,14.4,403.2
East,Widget C,76,35.47,2695.72
Central,Widget A,87,11.36,988.32
West,Widget B,98,15.46,1515.08
West,Widget D,40,27.75,1110.0
South,Gadget X,2,29.2,58.4
South,Widget A,33,35.68,1177.44
North,Widget D,80,24.85,1988.0
Central,Widget C,45,30.04,1351.8
Central,Widget A,82,32.5,2665.0
South,Gadget X,34,35.04,1191.36
North,Widget D,84,44.23,3715.32
South,Gadget X,64,42.01,2688.64
East,Gadget X,31,40.69,1261.39
East,Widget B,92,11.94,1098.48
East,Widget B,68,15.58,1059.44
North,Widget A,43,16.89,726.27
West,Widget A,24,32.68,784.32
North,Widget B,14,16.09,225.26
South,Widget B,46,38.31,1762.26
West,Widget A,59,23.5,1386.5
East,Widget D,41,31.12,1275.92
Central,Widget A,50,29.31,1465.5
East,Widget B,66,20.04,1322.64
North,Widget B,46,35.77,1645.42
South,Gadget X,12,32.8,393.6
West,Widget A,43,35.56,1529.08
East,Widget A,83,16.48,1367.84
East,Widget B,73,48.85,3566.05
South,Widget B,90,48.84,4395.6
South,Widget C,47,30.34,1425.98
South,Widget C,82,36.36,2981.52
South,Widget B,31,24.25,751.75
East,Widget C,55,35.58,1956.9
Central,Widget A,48,39.4,1891.2
South,Widget C,37,11.36,420.32
West,Gadget X,14,29.02,406.28
Central,Widget B,92,40.78,3751.76
South,Gadget X,43,40.71,1750.53
North,Widget D,3,16.32,48.96
Central,Widget D,62,43.79,2714.98
West,Gadget X,20,34.7,694.0
West,Widget D,31,14.31,443.61
Central,Gadget X,91,43.58,3965.78
North,Widget B,89,12.07,1074.23
South,Widget D,81,36.36,2945.16
East,Widget B,49,18.86,924.14
North,Gadget X,78,16.87,1315.86
Central,Widget A,74,35.18,2603.32
South,Gadget X,35,33.24,1163.4
Central,Widget B,45,13.31,598.95
North,Widget B,91,36.78,3346.98
East,Widget C,94,22.07,2074.58
Central,Widget A,67,25.68,1720.56
East,Widget D,47,22.71,1067.37
South,Widget C,5,14.05,70.25
Central,Widget A,58,45.01,2610.58
South,Widget D,43,44.31,1905.33
Central,Widget D,61,16.66,1016.26
East,Widget C,82,44.32,3634.24
South,Gadget X,79,15.82,1249.78
West,Widget A,97,37.06,3594.82
West,Widget C,79,29.17,2304.43
West,Widget B,18,13.57,244.26
South,Widget A,33,28.86,952.38
North,Widget A,7,29.03,203.21
South,Widget A,64,15.25,976.0
North,Widget C,49,28.1,1376.9
West,Widget B,100,22.6,2260.0
West,Gadget X,85,15.74,1337.9
South,Widget C,49,15.87,777.63
East,Widget D,89,14.88,1324.32
East,Widget A,7,15.02,105.14
East,Widget D,27,12.52,338.04
Central,Widget A,53,32.43,1718.79
North,Widget D,99,12.54,1241.46
West,Widget D,38,13.84,525.92
South,Widget A,88,24.37,2144.56
West,Widget D,71,47.9,3400.9
North,Widget D,36,36.34,1308.24
East,Widget B,88,31.72,2791.36
West,Gadget X,95,15.23,1446.85
South,Widget D,88,34.95,3075.6
North,Widget C,45,13.99,629.55
South,Widget B,86,44.39,3817.54
South,Widget D,40,19.32,772.8
East,Widget A,30,37.15,1114.5
South,Widget D,36,14.95,538.2
East,Widget D,56,36.77,2059.12
North,Widget B,51,34.59,1764.09
East,Widget D,98,29.68,2908.64
East,Widget D,7,49.65,347.55
East,Widget C,46,41.92,1928.32
Central,Widget A,34,22.9,778.6
Central,Widget C,88,34.79,3061.52
East,Widget C,88,34.77,3059.76
Central,Widget C,100,27.42,2742.0
Central,Widget C,93,16.04,1491.72
Central,Widget D,45,30.47,1371.15
Central,Widget B,78,17.15,1337.7
East,Widget A,35,39.5,1382.5
South,Widget A,92,39.47,3631.24
North,Widget C,56,46.52,2605.12
Central,Widget B,23,43.07,990.61
West,Widget A,55,49.76,2736.8
East,Gadget X,66,19.48,1285.68
West,Widget A,100,37.6,3760.0
East,Widget A,45,24.0,1080.0
West,Widget C,51,30.93,1577.43
East,Widget A,85,35.31,3001.35
West,Gadget X,60,16.05,963.0
South,Widget A,10,37.62,376.2
East,Widget B,5,17.39,86.95
East,Widget D,64,49.37,3159.68
West,Gadget X,20,33.76,675.2
East,Widget B,76,38.4,2918.4
West,Gadget X,36,47.26,1701.36
West,Widget D,7,36.21,253.47
North,Widget A,41,36.79,1508.39
South,Widget D,58,10.24,593.92
Central,Widget B,92,47.55,4374.6
Central,Widget C,88,10.23,900.24
East,Gadget X,90,30.95,2785.5
East,Gadget X,5,36.54,182.7
North,Widget D,11,31.0,341.0
Central,Gadget X,89,11.97,1065.33
South,Widget D,67,14.24,954.08
West,Gadget X,5,36.51,182.55
East,Widget C,22,24.42,537.24
East,Widget B,41,17.57,720.37
East,Widget C,1,46.11,46.11
Central,Widget C,16,31.27,500.32
West,Widget D,96,46.28,4442.88
West,Widget A,77,19.57,1506.89
West,Widget A,89,47.0,4183.0
West,Widget D,80,15.39,1231.2
North,Widget C,99,39.72,3932.28
East,Widget B,39,25.58,997.62
North,Gadget X,100,15.26,1526.0
West,Widget D,49,36.87,1806.63
East,Widget B,89,18.46,1642.94
East,Widget D,39,29.17,1137.63
South,Widget A,1,26.38,26.38
South,Widget B,27,19.57,528.39
North,Widget B,27,11.59,312.93
East,Widget C,33,29.87,985.71
South,Widget D,44,13.19,580.36
East,Widget A,72,20.75,1494.0
West,Widget B,60,42.91,2574.6
Central,Widget A,31,11.73,363.63
North,Widget A,46,37.88,1742.48
East,Widget B,87,45.31,3941.97
West,Widget B,70,49.53,3467.1
South,Widget D,71,25.22,1790.62
Central,Gadget X,94,25.08,2357.52
North,Widget C,4,11.97,47.88
Central,Widget C,91,49.54,4508.14
East,Widget D,54,10.12,546.48
East,Widget B,19,49.21,934.99
North,Widget A,2,49.23,98.46
North,Widget D,93,19.03,1769.79
North,Widget D,8,41.81,334.48
East,Gadget X,76,14.85,1128.6
Central,Widget C,8,19.49,155.92
Central,Widget C,26,49.09,1276.34
West,Widget D,99,40.04,3963.96
West,Gadget X,54,45.41,2452.14
Central,Gadget X,48,47.2,2265.6
West,Widget D,35,12.1,423.5
West,Widget B,51,20.56,1048.56
North,Widget D,82,30.12,2469.84
Central,Widget B,46,13.04,599.84
North,Widget B,8,44.84,358.72
North,Widget C,11,43.25,475.75
West,Widget D,32,30.76,984.32
West,Gadget X,80,39.1,3128.0
South,Widget C,92,10.26,943.92
North,Widget C,75,47.12,3534.0
South,Widget A,56,14.7,823.2
North,Widget D,48,44.32,2127.36
Central,Widget A,38,42.6,1618.8
South,Widget A,79,33.01,2607.79
Central,Widget D,67,22.54,1510.18
West,Widget A,29,43.92,1273.68
South,Gadget X,13,20.87,271.31
North,Widget C,72,10.55,759.6
North,Widget B,27,37.23,1005.21
East,Widget B,8,25.27,202.16
West,Widget C,92,36.12,3323.04
West,Widget A,47,26.94,1266.18
Central,Gadget X,90,22.99,2069.1
East,Widget B,25,44.97,1124.25
North,Widget D,96,47.0,4512.0
East,Widget B,25,48.1,1202.5
North,Widget C,19,38.23,726.37
West,Widget B,38,10.99,417.62
South,Widget D,75,21.47,1610.25
South,Widget D,5,17.8,89.0
South,Widget D,49,42.46,2080.54
West,Widget B,6,18.2,109.2
West,Gadget X,54,45.62,2463.48
East,Widget B,69,26.53,1830.57
North,Widget C,60,38.48,2308.8
East,Widget A,23,47.92,1102.16
East,Widget A,15,34.86,522.9
North,Widget A,12,36.15,433.8
East,Gadget X,89,34.6,3079.4
North,Widget B,7,35.0,245.0
North,Widget D,45,20.51,922.95
Central,Gadget X,66,35.44,2339.04
Central,Gadget X,10,21.14,211.4
West,Widget C,94,27.59,2593.46
North,Widget B,75,49.79,3734.25
South,Widget B,57,39.33,2241.81
West,Gadget X,9,38.78,349.02
South,Widget C,36,31.26,1125.36
Central,Widget A,69,30.06,2074.14
Central,Widget A,32,49.79,1593.28
Central,Widget D,64,22.0,1408.0
West,Widget D,64,44.58,2853.12
Central,Gadget X,60,34.56,2073.6
East,Widget B,20,14.66,293.2
Central,Widget A,47,24.37,1145.39
North,Widget C,3,49.58,148.74
North,Gadget X,16,33.35,533.6
Central,Widget D,51,14.57,743.07
West,Gadget X,68,36.3,2468.4
Central,Widget C,2,21.04,42.08
North,Widget D,62,38.01,2356.62
South,Widget B,34,24.36,828.24
South,Widget B,90,34.0,3060.0
South,Gadget X,92,28.08,2583.36
South,Widget A,59,49.11,2897.49
Central,Widget B,83,14.31,1187.73
East,Widget C,97,41.55,4030.35
South,Widget D,74,16.98,1256.52
East,Widget D,80,11.19,895.2
East,Widget A,20,19.03,380.6
Central,Widget B,64,42.48,2718.72
West,Widget C,94,19.86,1866.84
West,Widget C,53,47.84,2535.52
Central,Widget D,10,16.71,167.1
Central,Gadget X,36,23.37,841.32
East,Widget A,65,10.35,672.75
East,Widget A,69,40.32,2782.08
West,Widget B,5,15.78,78.9
Central,Gadget X,81,45.8,3709.8
Central,Widget C,36,38.04,1369.44
Central,Widget D,30,20.9,627.0
West,Gadget X,82,42.67,3498.94
North,Gadget X,80,12.24,979.2
West,Widget A,36,22.64,815.04
North,Gadget X,11,30.33,333.63
Central,Gadget X,57,19.19,1093.83
East,Gadget X,55,22.65,1245.75
East,Widget C,79,18.7,1477.3
East,Widget A,56,35.63,1995.28
South,Gadget X,81,21.85,1769.85
North,Widget B,26,33.54,872.04
Central,Widget C,8,16.2,129.6
South,Widget A,18,42.48,764.64
West,Gadget X,49,35.44,1736.56
West,Widget A,23,35.83,824.09
South,Widget C,86,46.68,4014.48
West,Widget D,23,14.42,331.66
East,Widget C,25,21.28,532.0
Central,Widget D,49,18.01,882.49
North,Widget C,32,31.4,1004.8
South,Widget B,37,30.95,1145.15
South,Widget D,80,25.26,2020.8
East,Widget D,50,15.49,774.5
Central,Widget C,19,47.37,900.03
Central,Widget A,28,15.38,430.64
West,Widget B,55,26.94,1481.7
West,Widget B,43,12.56,540.08
South,Widget D,64,28.85,1846.4
North,Gadget X,33,18.14,598.62
West,Widget C,23,37.97,873.31
North,Widget C,22,47.71,1049.62
West,Widget C,67,47.61,3189.87
West,Widget C,86,12.7,1092.2
South,Widget D,8,13.62,108.96
North,Widget C,22,15.25,335.5
South,Widget D,39,42.53,1658.67
Central,Widget D,92,41.73,3839.16
South,Gadget X,9,40.42,363.78
West,Gadget X,51,13.28,677.28
East,Widget B,39,16.21,632.19
Central,Widget B,8,27.06,216.48
Central,Widget B,91,46.91,4268.81
East,Widget C,30,22.26,667.8
East,Widget A,45,19.24,865.8
East,Widget B,42,37.22,1563.24
West,Widget B,13,16.53,214.89
West,Widget D,78,17.43,1359.54
West,Widget D,88,23.56,2073.28
Central,Widget B,93,11.19,1040.67
South,Widget A,49,29.19,1430.31
East,Widget C,100,40.07,4007.0
East,Widget C,14,36.62,512.68
South,Widget D,17,27.42,466.14
South,Widget A,85,11.42,970.7
East,Widget A,74,43.24,3199.76
West,Widget C,72,10.71,771.12
Central,Gadget X,64,31.72,2030.08
South,Widget A,13,27.71,360.23
South,Gadget X,31,15.92,493.52
Central,Widget A,76,49.25,3743.0
East,Widget A,21,33.35,700.35
West,Widget D,14,14.58,204.12
Central,Widget A,14,48.9,684.6
South,Widget A,29,38.94,1129.26
East,Widget B,13,16.56,215.28
Central,Widget B,16,43.48,695.68
Central,Widget D,67,15.95,1068.65
South,Gadget X,53,33.64,1782.92
North,Gadget X,85,30.56,2597.6
Central,Widget D,93,19.48,1811.64
Central,Widget C,87,34.87,3033.69
East,Widget D,64,18.39,1176.96
North,Widget A,12,37.6,451.2
South,Widget D,6,20.68,124.08
Central,Widget B,94,18.14,1705.16
South,Widget D,27,41.41,1118.07
North,Widget A,26,38.44,999.44
East,Widget D,48,31.44,1509.12
Central,Widget D,37,45.21,1672.77
East,Widget B,25,14.05,351.25
West,Widget D,33,28.85,952.05
East,Widget A,61,41.36,2522.96
East,Widget B,31,15.55,482.05
North,Gadget X,16,39.37,629.92
East,Widget A,66,17.21,1135.86
South,Widget B,97,41.2,3996.4
North,Widget D,8,47.02,376.16
North,Widget A,64,13.22,846.08
North,Widget B,76,49.02,3725.52
East,Widget C,34,16.24,552.16
Central,Widget D,22,35.51,781.22
Central,Widget D,11,21.8,239.8
East,Gadget X,1,25.23,25.23
East,Widget B,30,30.2,906.0
East,Widget C,50,26.94,1347.0
East,Widget A,53,14.35,760.55
West,Gadget X,45,38.35,1725.75
East,Widget A,6,48.45,290.7
North,Gadget X,28,25.19,705.32
Central,Widget A,40,47.25,1890.0
Central,Widget B,75,21.51,1613.25
Central,Widget D,67,15.37,1029.79
West,Widget D,2,24.88,49.76
Central,Widget A,81,23.11,1871.91
West,Gadget X,14,31.19,436.66
North,Gadget X,96,30.32,2910.72
West,Widget D,78,13.78,1074.84
East,Widget B,86,17.98,1546.28
West,Gadget X,82,26.64,2184.48
East,Gadget X,5,21.57,107.85
Central,Gadget X,75,32.23,2417.25
West,Widget A,80,46.43,3714.4
Central,Gadget X,9,40.63,365.67
South,Widget C,75,13.01,975.75
South,Widget C,21,10.42,218.82
North,Widget B,24,18.92,454.08
East,Widget D,38,26.13,992.94
West,Gadget X,54,32.3,1744.2
West,Widget A,21,31.31,657.51
North,Gadget X,9,10.91,98.19
North,Widget A,89,42.7,3800.3
North,Gadget X,13,40.2,522.6
South,Widget A,62,23.69,1468.78
Central,Widget A,6,42.9,257.4
South,Widget D,67,38.11,2553.37
Central,Widget D,43,11.34,487.62
North,Widget D,23,24.06,553.38
Central,Gadget X,6,19.33,115.98
West,Gadget X,75,42.49,3186.75
Central,Widget B,2,32.05,64.1
Central,Widget C,100,13.69,1369.0
Central,Widget C,47,22.6,1062.2
South,Widget A,30,40.92,1227.6
North,Widget A,82,34.47,2826.54
East,Widget C,54,34.25,1849.5
East,Widget C,10,24.31,243.1
South,Widget A,2,11.03,22.06
West,Widget C,3,25.61,76.83
North,Gadget X,48,46.48,2231.04
East,Widget B,5,49.31,246.55
North,Widget D,26,32.67,849.42
West,Widget C,84,14.95,1255.8
West,Widget C,29,36.05,1045.45
South,Widget C,70,37.65,2635.5
West,Widget C,12,37.74,452.88
South,Widget B,89,28.83,2565.87
West,Widget C,76,31.98,2430.48
East,Widget A,38,22.84,867.92
West,Widget A,70,29.37,2055.9
South,Gadget X,71,31.65,2247.15
North,Gadget X,67,28.44,1905.48
South,Gadget X,97,10.78,1045.66
East,Widget D,72,30.89,2224.08
South,Widget C,98,34.45,3376.1
East,Widget D,81,26.1,2114.1
East,Widget D,38,22.61,859.18
East,Widget C,17,48.61,826.37
North,Widget A,100,20.06,2006.0
West,Widget C,6,12.53,75.18
South,Gadget X,97,34.76,3371.72
South,Widget A,57,14.02,799.14
West,Widget B,60,12.29,737.4
North,Widget D,37,35.17,1301.29
East,Gadget X,66,21.47,1417.02
West,Gadget X,91,33.16,3017.56
South,Widget A,98,36.04,3531.92
West,Widget D,26,23.66,615.16
West,Widget B,68,18.98,1290.64
East,Widget B,13,34.08,443.04
North,Widget B,86,39.99,3439.14
East,Gadget X,8,38.56,308.48
South,Gadget X,56,34.6,1937.6
East,Widget D,92,41.76,3841.92
East,Widget B,84,48.68,4089.12
Central,Widget A,61,17.61,1074.21
East,Gadget X,47,49.5,2326.5
Central,Gadget X,80,22.54,1803.2
East,Gadget X,64,27.4,1753.6
North,Widget A,62,27.32,1693.84
East,Widget D,55,22.28,1225.4
East,Widget C,85,49.12,4175.2
Central,Widget B,21,34.57,725.97
East,Widget B,62,29.01,1798.62
South,Widget D,13,21.2,275.6
North,Widget D,26,27.96,726.96
North,Gadget X,57,18.66,1063.62
West,Widget C,58,44.46,2578.68
North,Widget B,35,26.74,935.9
East,Widget B,6,22.76,136.56
West,Widget B,86,15.29,1314.94
Central,Widget A,33,16.12,531.96
West,Widget C,83,44.17,3666.11
South,Widget D,20,14.86,297.2
East,Widget C,99,15.53,1537.47
East,Widget B,34,39.59,1346.06
Central,Widget D,79,28.0,2212.0
Central,Gadget X,80,22.95,1836.0
West,Gadget X,9,33.22,298.98
North,Gadget X,44,28.47,1252.68
East,Widget C,98,49.69,4869.62
Central,Widget C,66,42.34,2794.44
North,Widget A,51,41.64,2123.64
North,Widget D,90,36.58,3292.2
South,Widget D,8,45.28,362.24
North,Widget A,23,21.74,500.02
North,Widget A,46,45.48,2092.08
West,Gadget X,81,35.14,2846.34
East,Widget D,85,30.19,2566.15
North,Widget A,51,42.73,2179.23
West,Widget A,11,43.35,476.85
East,Widget C,11,35.38,389.18
Central,Widget A,89,13.33,1186.37
Central,Widget A,19,10.73,203.87
Central,Widget C,41,40.05,1642.05
South,Widget C,39,36.87,1437.93
South,Gadget X,94,31.28,2940.32
Central,Widget B,28,42.83,1199.24
North,Widget D,77,27.83,2142.91
South,Widget A,44,13.95,613.8
East,Widget A,80,42.16,3372.8
East,Widget A,71,48.39,3435.69
West,Widget B,24,49.33,1183.92
East,Widget D,41,38.86,1593.26
South,Gadget X,59,25.65,1513.35
Central,Widget D,64,14.6,934.4
North,Widget A,37,22.48,831.76
North,Widget B,17,22.18,377.06
South,Gadget X,20,49.39,987.8
West,Widget C,85,42.79,3637.15
South,Gadget X,15,16.42,246.3
North,Gadget X,95,22.2,2109.0
South,Widget A,4,31.8,127.2
North,Gadget X,94,24.13,2268.22
North,Widget B,58,10.22,592.76
Central,Widget B,16,12.89,206.24
East,Widget B,95,38.59,3666.05
West,Widget C,89,33.8,3008.2
South,Widget B,30,40.23,1206.9
West,Widget D,54,16.57,894.78
West,Gadget X,66,14.92,984.72
East,Widget C,8,16.63,133.04
West,Widget B,17,39.63,673.71
Central,Widget D,70,22.4,1568.0
West,Widget C,49,20.58,1008.42
South,Gadget X,94,46.61,4381.34
Central,Widget A,29,17.97,521.13
South,Widget A,70,12.14,849.8
Central,Gadget X,59,28.93,1706.87
South,Widget D,31,23.92,741.52
South,Widget D,37,17.87,661.19
South,Widget A,83,27.28,2264.24
Central,Gadget X,19,28.99,550.81
West,Widget C,68,15.29,1039.72
Central,Gadget X,92,12.35,1136.2
South,Widget A,14,21.8,305.2
Central,Widget C,8,37.53,300.24
East,Widget B,87,27.03,2351.61
East,Widget C,21,16.42,344.82
Central,Gadget X,84,25.12,2110.08
South,Widget D,18,40.58,730.44
East,Widget C,60,41.96,2517.6
Central,Widget A,1,29.18,29.18
West,Widget C,54,49.01,2646.54
East,Widget D,88,22.64,1992.32
West,Widget D,73,45.77,3341.21
South,Gadget X,80,13.03,1042.4
Central,Widget A,8,42.58,340.64
West,Widget C,100,30.15,3015.0
East,Widget C,4,25.81,103.24
West,Gadget X,92,11.17,1027.64
Central,Gadget X,61,27.46,1675.06
West,Widget D,64,25.11,1607.04
Central,Widget B,66,40.46,2670.36
North,Widget C,51,29.08,1483.08
East,Gadget X,67,15.02,1006.34
West,Widget B,87,15.44,1343.28
North,Widget A,17,16.99,288.83
North,Widget B,99,27.55,2727.45
South,Widget A,88,21.8,1918.4
South,Gadget X,64,34.93,2235.52
West,Widget C,12,41.8,501.6
West,Widget A,70,37.18,2602.6
West,Widget D,50,22.13,1106.5
South,Widget B,99,11.27,1115.73
South,Gadget X,98,15.35,1504.3
West,Widget D,38,33.47,1271.86
West,Widget D,85,36.15,3072.75
South,Widget D,27,18.88,509.76
North,Widget C,63,44.56,2807.28
East,Widget A,69,43.67,3013.23
Central,Widget D,70,33.73,2361.1
East,Widget D,38,20.66,785.08
North,Widget D,79,19.12,1510.48
Central,Widget A,60,34.26,2055.6
South,Widget B,5,27.33,136.65
East,Widget B,54,49.68,2682.72
South,Gadget X,15,36.66,549.9
South,Widget C,45,35.93,1616.85
West,Widget C,71,39.52,2805.92
North,Widget B,7,42.09,294.63
East,Widget A,98,49.73,4873.54
Central,Widget C,74,43.87,3246.38
West,Widget C,63,25.89,1631.07
West,Gadget X,67,38.38,2571.46
West,Widget D,85,19.84,1686.4
East,Gadget X,84,46.91,3940.44
North,Widget D,58,34.27,1987.66
South,Gadget X,50,34.65,1732.5
South,Widget D,94,36.84,3462.96
Central,Widget D,6,29.28,175.68
East,Gadget X,53,32.52,1723.56
Central,Widget B,69,19.54,1348.26
West,Widget A,63,32.38,2039.94
South,Widget A,62,43.5,2697.0
North,Widget C,44,29.71,1307.24
North,Widget C,50,20.45,1022.5
West,Widget B,56,42.54,2382.24
South,Widget C,1,17.44,17.44
South,Widget C,91,27.82,2531.62
North,Widget A,91,22.58,2054.78
Central,Widget C,53,41.42,2195.26
West,Widget A,87,46.79,4070.73
Central,Gadget X,53,29.68,1573.04
South,Widget A,42,17.01,714.42
Central,Widget B,65,13.39,870.35
East,Gadget X,2,22.74,45.48
West,Widget A,74,17.62,1303.88
East,Gadget X,11,45.15,496.65
North,Widget A,7,49.47,346.29
Central,Widget A,27,26.98,728.46
West,Widget A,92,38.31,3524.52
North,Widget C,26,43.39,1128.14
Central,Widget B,7,21.22,148.54
South,Widget C,97,46.17,4478.49
South,Widget C,67,49.76,3333.92
North,Widget A,84,22.48,1888.32
Central,Gadget X,75,21.86,1639.5
South,Widget D,27,11.03,297.81
North,Widget D,12,49.89,598.68
West,Widget A,19,13.44,255.36
Central,Widget D,96,33.96,3260.16
North,Widget A,38,42.4,1611.2
South,Widget D,5,31.33,156.65
Central,Gadget X,71,11.92,846.32
Central,Widget D,50,34.04,1702.0
South,Widget C,57,33.23,1894.11
South,Widget B,87,32.09,2791.83
North,Widget D,85,10.95,930.75
Central,Widget A,92,15.97,1469.24
Central,Widget D,38,23.01,874.38
West,Widget B,83,43.16,3582.28
Central,Gadget X,16,40.85,653.6
South,Widget D,26,10.62,276.12
North,Widget B,13,29.97,389.61
East,Gadget X,70,28.49,1994.3
North,Widget C,72,27.49,1979.28
South,Gadget X,92,30.7,2824.4
Central,Gadget X,58,20.9,1212.2
East,Widget D,27,24.22,653.94
West,Widget A,87,29.53,2569.11
West,Widget C,46,29.68,1365.28
West,Widget D,71,36.82,2614.22
East,Widget C,69,27.29,1883.01
Central,Widget A,59,13.91,820.69
West,Widget D,85,47.01,3995.85
East,Widget C,35,16.54,578.9
East,Widget A,44,38.97,1714.68
West,Widget A,1,19.99,19.99
West,Widget B,16,35.15,562.4
North,Widget A,47,22.3,1048.1
West,Widget C,58,36.57,2121.06
West,Widget C,16,23.37,373.92
Central,Gadget X,4,47.46,189.84
North,Gadget X,30,49.32,1479.6
South,Gadget X,88,12.39,1090.32
North,Widget A,26,30.12,783.12
North,Widget D,79,30.94,2444.26
West,Widget D,26,44.26,1150.76
North,Widget D,100,23.24,2324.0
East,Widget D,38,24.81,942.78
North,Widget B,97,35.13,3407.61
East,Gadget X,83,49.4,4100.2
North,Gadget X,18,41.41,745.38
Central,Widget D,85,10.76,914.6
East,Widget B,83,19.51,1619.33
West,Widget B,22,27.94,614.68
Central,Widget C,84,13.16,1105.44
West,Widget B,99,14.26,1411.74
North,Widget D,81,12.45,1008.45
Central,Widget B,86,17.55,1509.3
East,Widget B,84,30.93,2598.12
Central,Widget B,27,25.66,692.82
Central,Widget B,89,30.12,2680.68
East,Widget C,70,17.6,1232.0
East,Widget B,40,49.31,1972.4
Central,Widget C,73,30.58,2232.34
West,Widget B,34,19.53,664.02
West,Gadget X,2,39.75,79.5
North,Widget B,83,14.58,1210.14
South,Widget A,55,38.53,2119.15
North,Widget B,66,28.47,1879.02
East,Widget B,3,49.36,148.08
East,Widget D,38,41.95,1594.1
West,Widget A,37,33.97,1256.89
North,Widget C,40,33.41,1336.4
West,Widget C,86,39.13,3365.18
East,Gadget X,73,14.71,1073.83
South,Widget B,57,17.28,984.96
East,Widget D,88,41.63,3663.44
East,Gadget X,39,29.19,1138.41
East,Widget B,37,45.96,1700.52
West,Widget A,43,13.98,601.14
West,Widget D,71,44.71,3174.41
Central,Gadget X,55,18.78,1032.9
Central,Widget B,87,19.38,1686.06
Central,Widget D,4,34.44,137.76
Central,Gadget X,46,15.48,712.08
West,Widget C,47,44.07,2071.29
West,Widget B,15,38.65,579.75
West,Widget D,46,38.02,1748.92
West,Gadget X,40,39.19,1567.6
Central,Widget A,54,17.68,954.72
East,Widget C,99,14.2,1405.8
West,Widget A,99,20.41,2020.59
South,Widget C,80,15.16,1212.8
Central,Widget D,33,32.29,1065.57
West,Widget D,77,49.78,3833.06
North,Widget B,36,13.42,483.12
East,Widget B,47,16.27,764.69
South,Widget A,25,27.26,681.5
East,Widget B,46,33.26,1529.96
South,Widget A,76,10.62,807.12
Central,Widget A,86,31.98,2750.28
South,Widget C,19,44.43,844.17
East,Widget C,90,33.58,3022.2
East,Widget B,52,41.33,2149.16
South,Gadget X,94,39.05,3670.7
West,Widget C,70,17.78,1244.6
West,Widget C,70,22.81,1596.7
West,Widget D,13,30.85,401.05
North,Gadget X,77,32.1,2471.7
East,Gadget X,21,18.65,391.65
Central,Widget D,69,39.42,2719.98
East,Widget B,93,34.02,3163.86
East,Widget A,87,31.33,2725.71
West,Widget D,71,40.96,2908.16
West,Widget C,93,45.34,4216.62
West,Widget D,90,46.03,4142.7
East,Widget A,76,44.26,3363.76
West,Gadget X,39,31.17,1215.63
South,Widget D,34,16.72,568.48
South,Widget B,44,36.0,1584.0
South,Gadget X,2,27.66,55.32
South,Widget C,49,32.82,1608.18
East,Widget B,10,45.46,454.6
Central,Widget B,75,25.04,1878.0
West,Gadget X,2,35.8,71.6
Central,Widget B,10,12.85,128.5
North,Widget D,54,40.7,2197.8
Central,Widget B,39,44.05,1717.95
North,Widget A,95,19.0,1805.0
Central,Widget A,53,26.53,1406.09
Central,Widget A,17,13.76,233.92
East,Widget A,6,28.67,172.02
Central,Widget A,63,41.68,2625.84
West,Widget B,35,45.58,1595.3
East,Widget A,46,42.85,1971.1
North,Widget C,99,12.73,1260.27
North,Widget C,22,35.95,790.9
East,Widget D,55,31.86,1752.3
Central,Widget A,19,12.81,243.39
South,Widget D,46,21.26,977.96
West,Gadget X,20,37.58,751.6
North,Widget D,74,18.46,1366.04
Central,Gadget X,69,35.92,2478.48
East,Gadget X,52,40.09,2084.68
North,Widget A,13,17.35,225.55
South,Widget A,87,11.58,1007.46
South,Widget C,1,29.79,29.79
Central,Widget D,88,30.75,2706.0
East,Widget C,25,40.05,1001.25
North,Gadget X,21,41.85,878.85
West,Widget B,96,42.62,4091.52
North,Widget B,23,14.08,323.84
North,Widget B,88,36.91,3248.08
Central,Gadget X,17,18.15,308.55
East,Widget A,58,10.1,585.8
West,Widget A,34,18.32,622.88
West,Widget C,96,12.83,1231.68
West,Widget D,18,49.61,892.98
Central,Widget D,51,19.11,974.61
Central,Widget C,67,10.98,735.66
East,Widget D,82,35.53,2913.46
North,Widget A,70,12.49,874.3
East,Widget D,5,47.32,236.6
East,Widget B,30,18.37,551.1
East,Widget C,19,12.5,237.5
East,Widget D,48,32.83,1575.84
North,Widget C,60,44.61,2676.6
Central,Widget B,58,17.56,1018.48
South,Gadget X,43,44.37,1907.91
East,Gadget X,2,11.15,22.3
South,Gadget X,61,41.26,2516.86
East,Widget B,74,36.79,2722.46
Central,Gadget X,88,47.98,4222.24
North,Widget C,74,12.27,907.98
Central,Gadget X,72,32.15,2314.8
East,Widget A,56,44.48,2490.88
North,Widget A,26,12.16,316.16
Central,Widget C,69,45.67,3151.23
East,Widget D,95,23.3,2213.5
North,Widget A,12,40.25,483.0
South,Widget C,57,19.92,1135.44
East,Widget A,94,45.21,4249.74
North,Widget B,35,39.52,1383.2
Central,Widget D,68,18.57,1262.76
South,Widget D,86,21.24,1826.64
East,Widget A,87,21.7,1887.9
West,Widget A,52,21.64,1125.28
East,Gadget X,14,32.06,448.84
Central,Widget D,60,47.22,2833.2
West,Gadget X,98,44.18,4329.64
West,Widget B,61,33.32,2032.52
South,Widget B,18,40.17,723.06
West,Widget A,27,43.94,1186.38
West,Gadget X,35,29.79,1042.65
Central,Widget A,97,44.37,4303.89
South,Widget A,72,28.35,2041.2
Central,Gadget X,15,11.42,171.3
South,Widget B,75,30.83,2312.25
East,Widget D,33,23.73,783.09
East,Gadget X,91,15.57,1416.87
North,Gadget X,4,37.06,148.24
East,Widget C,5,29.47,147.35
West,Widget C,29,46.95,1361.55
East,Widget A,57,47.89,2729.73
South,Widget B,39,11.43,445.77
South,Widget A,65,49.1,3191.5
East,Widget C,55,19.22,1057.1
East,Widget A,84,12.81,1076.04
East,Widget C,84,28.51,2394.84
East,Widget B,9,21.97,197.73
North,Widget C,43,29.39,1263.77
North,Widget B,10,16.96,169.6
West,Widget B,53,42.58,2256.74
North,Widget B,49,17.72,868.28
East,Widget C,30,46.24,1387.2
South,Widget D,75,18.74,1405.5
East,Widget A,7,24.49,171.43
South,Widget C,62,30.11,1866.82
Central,Gadget X,61,41.42,2526.62
West,Widget D,98,17.55,1719.9
Central,Widget D,90,31.64,2847.6
South,Widget C,32,40.7,1302.4
West,Widget A,69,23.26,1604.94
Central,Widget D,67,16.42,1100.14
West,Gadget X,80,43.88,3510.4
North,Widget C,6,19.41,116.46
West,Widget B,42,28.75,1207.5
West,Gadget X,42,44.18,1855.56
Central,Widget A,79,30.95,2445.05
North,Widget D,69,31.94,2203.86
East,Widget C,43,33.48,1439.64
Central,Widget A,41,13.74,563.34
East,Widget D,89,44.5,3960.5
East,Widget B,61,10.04,612.44
North,Widget A,44,32.21,1417.24
Central,Widget B,53,42.85,2271.05
South,Widget B,100,40.04,4004.0
West,Widget B,46,26.98,1241.08
West,Widget D,35,21.38,748.3
East,Widget A,39,37.24,1452.36
Central,Widget D,6,49.07,294.42
Central,Gadget X,13,28.93,376.09
North,Widget D,48,39.11,1877.28
South,Gadget X,41,46.57,1909.37
West,Widget C,98,39.05,3826.9
East,Widget A,53,22.63,1199.39
West,Widget B,45,13.56,610.2
West,Gadget X,82,25.52,2092.64
South,Widget B,14,17.72,248.08
West,Gadget X,54,34.39,1857.06
Central,Gadget X,24,18.32,439.68
South,Widget B,89,45.87,4082.43
West,Widget A,80,20.05,1604.0
South,Widget C,64,38.33,2453.12
West,Widget D,27,36.01,972.27
North,Widget B,60,49.5,2970.0
South,Gadget X,4,23.04,92.16
West,Widget A,58,48.36,2804.88
East,Widget D,84,47.84,4018.56
Central,Widget D,6,28.64,171.84
West,Widget A,97,48.18,4673.46
East,Widget A,14,22.67,317.38
West,Gadget X,44,40.63,1787.72
West,Gadget X,24,31.04,744.96
East,Widget A,43,34.91,1501.13
North,Widget A,76,25.02,1901.52
East,Widget D,57,13.84,788.88
South,Widget C,77,37.92,2919.84
Central,Widget C,70,45.83,3208.1
South,Widget A,64,28.65,1833.6
West,Widget D,49,18.45,904.05
West,Widget D,32,28.14,900.48
East,Gadget X,55,42.52,2338.6
West,Widget A,91,45.86,4173.26
South,Widget D,100,34.11,3411.0
West,Widget D,53,20.1,1065.3
South,Widget D,19,48.91,929.29
West,Widget C,58,14.7,852.6
East,Widget C,19,27.0,513.0
North,Widget D,62,18.83,1167.46
Central,Gadget X,44,48.25,2123.0
South,Widget B,55,29.05,1597.75
East,Widget A,22,41.33,909.26
West,Widget A,38,37.35,1419.3
North,Widget B,31,16.94,525.14
East,Widget A,77,49.0,3773.0
West,Widget B,4,27.55,110.2
East,Widget C,98,35.92,3520.16
Central,Gadget X,61,29.8,1817.8
West,Gadget X,64,35.85,2294.4
South,Widget C,63,47.32,2981.16
South,Widget C,96,33.56,3221.76
East,Widget A,5,49.42,247.1
East,Gadget X,74,42.68,3158.32
West,Widget A,16,14.32,229.12
East,Widget B,97,15.15,1469.55
West,Widget C,50,41.29,2064.5
Central,Widget D,83,37.6,3120.8
North,Widget D,17,25.07,426.19
North,Gadget X,1,11.02,11.02
Central,Gadget X,88,23.78,2092.64
West,Widget B,17,41.8,710.6
South,Widget C,87,35.76,3111.12
North,Widget B,19,12.47,236.93
East,Gadget X,97,22.69,2200.93
Central,Widget A,6,14.08,84.48
West,Widget C,2,45.64,91.28
Central,Widget C,87,26.86,2336.82
East,Widget C,15,45.18,677.7
Central,Widget C,78,41.66,3249.48
East,Widget C,27,18.44,497.88
West,Widget C,67,17.78,1191.26
South,Gadget X,45,27.66,1244.7
North,Widget A,55,24.53,1349.15
Central,Widget C,31,14.29,442.99
Central,Widget B,14,18.65,261.1
North,Widget B,82,32.36,2653.52
South,Widget B,57,42.12,2400.84
West,Widget C,70,18.66,1306.2
East,Widget C,1,44.96,44.96
West,Gadget X,67,15.79,1057.93
East,Gadget X,67,49.35,3306.45
West,Gadget X,59,35.41,2089.19
Central,Gadget X,84,16.09,1351.56
West,Widget C,15,39.89,598.35
West,Gadget X,13,42.84,556.92
South,Widget C,17,13.09,222.53
West,Gadget X,12,13.07,156.84
West,Widget A,64,47.46,3037.44
West,Widget D,30,25.81,774.3
Central,Widget A,100,10.33,1033.0
South,Widget B,13,20.89,271.57
Central,Gadget X,76,44.69,3396.44
West,Widget C,66,12.02,793.32
West,Widget A,35,39.55,1384.25
Central,Widget B,52,42.27,2198.04
Central,Widget D,88,15.04,1323.52
East,Gadget X,78,18.26,1424.28
West,Widget D,45,35.93,1616.85
West,Gadget X,39,12.61,491.79
East,Widget A,79,30.41,2402.39
North,Widget B,66,18.51,1221.66
Central,Widget C,14,33.23,465.22
South,Widget D,31,16.11,499.41
West,Widget B,55,27.93,1536.15
Central,Widget A,61,13.12,800.32
Central,Widget A,35,25.18,881.3
North,Widget B,56,26.29,1472.24
South,Gadget X,22,34.02,748.44
North,Widget B,47,26.62,1251.14
North,Widget D,36,15.96,574.56
South,Widget B,75,32.52,2439.0
West,Gadget X,90,16.98,1528.2
South,Widget D,14,30.13,421.82
North,Widget D,93,26.47,2461.71
Central,Widget C,36,23.49,845.64
Central,Widget C,98,16.72,1638.56
South,Widget B,43,20.73,891.39
West,Widget A,54,39.08,2110.32
West,Gadget X,42,46.74,1963.08
East,Widget D,16,43.82,701.12
South,Widget B,64,14.27,913.28
East,Widget B,95,49.65,4716.75
North,Widget B,57,17.73,1010.61
West,Widget C,33,25.22,832.26
East,Gadget X,87,34.7,3018.9
East,Widget D,58,49.79,2887.82
South,Gadget X,92,26.22,2412.24
East,Widget D,30,45.55,1366.5
East,Widget D,6,28.69,172.14
Central,Gadget X,38,21.23,806.74
East,Widget A,91,48.36,4400.76
South,Widget B,22,40.0,880.0
East,Widget A,16,48.85,781.6
North,Widget B,84,19.63,1648.92
Central,Gadget X,31,19.45,602.95
Central,Gadget X,69,17.68,1219.92
East,Widget C,71,31.53,2238.63
North,Widget B,60,28.65,1719.0
North,Widget A,32,39.32,1258.24
North,Widget C,84,16.75,1407.0
South,Widget D,85,25.29,2149.65
North,Widget B,41,22.19,909.79
South,Widget A,66,25.32,1671.12
North,Widget A,54,14.69,793.26
West,Widget C,73,26.37,1925.01
East,Widget C,96,20.9,2006.4
West,Widget C,91,12.77,1162.07
North,Gadget X,100,49.3,4930.0
Central,Widget A,86,41.69,3585.34
North,Gadget X,77,22.76,1752.52
Central,Widget C,82,26.68,2187.76
North,Widget C,53,35.15,1862.95
West,Widget C,98,37.65,3689.7
North,Widget A,11,34.14,375.54
South,Widget A,78,41.08,3204.24
Central,Widget B,25,20.19,504.75
East,Widget B,4,27.85,111.4
North,Widget A,44,19.63,863.72
Central,Widget B,89,36.33,3233.37
West,Gadget X,91,29.76,2708.16
West,Widget C,100,20.66,2066.0
West,Widget D,41,26.11,1070.51
East,Widget C,93,30.78,2862.54
West,Widget C,94,36.72,3451.68
West,Widget B,62,13.32,825.84
East,Widget C,24,24.16,579.84
South,Gadget X,21,35.03,735.63
East,Widget A,88,32.35,2846.8
South,Widget D,79,16.36,1292.44
South,Gadget X,81,11.73,950.13
East,Widget D,4,44.5,178.0
North,Widget D,3,22.94,68.82
East,Widget B,91,19.0,1729.0
East,Widget A,87,29.19,2539.53
Central,Widget D,85,40.62,3452.7
East,Widget B,70,47.55,3328.5
North,Widget B,15,29.45,441.75
West,Widget C,18,22.88,411.84
South,Widget B,80,21.88,1750.4
Central,Gadget X,92,32.15,2957.8
South,Widget B,54,49.4,2667.6
North,Widget A,10,26.57,265.7
South,Widget D,29,42.09,1220.61
South,Gadget X,75,22.94,1720.5
West,Widget C,98,35.81,3509.38
East,Widget C,92,48.56,4467.52
West,Gadget X,4,29.64,118.56
North,Widget A,69,32.47,2240.43
North,Gadget X,21,16.79,352.59
Central,Widget D,60,27.65,1659.0
South,Widget D,1,35.21,35.21
West,Widget D,92,26.41,2429.72
North,Widget D,59,32.73,1931.07
South,Widget D,34,35.43,1204.62
West,Gadget X,89,25.28,2249.92
South,Widget C,6,37.52,225.12
East,Gadget X,47,23.46,1102.62
Central,Widget D,90,41.81,3762.9
North,Gadget X,25,49.9,1247.5
South,Widget B,5,36.03,180.15
Central,Widget C,58,27.16,1575.28
Central,Widget B,6,39.73,238.38
West,Gadget X,41,17.21,705.61
North,Gadget X,15,41.96,629.4
South,Gadget X,29,41.81,1212.49
East,Widget A,25,31.89,797.25
East,Gadget X,25,35.56,889.0
West,Widget B,62,47.37,2936.94
West,Widget C,79,29.42,2324.18
North,Widget B,13,17.33,225.29
North,Widget A,86,17.57,1511.02
South,Gadget X,30,20.11,603.3
South,Widget D,51,38.15,1945.65
West,Widget D,60,39.4,2364.0
West,Widget D,36,34.75,1251.0
Central,Gadget X,49,20.14,986.86
Central,Widget C,65,48.67,3163.55
North,Widget A,12,11.6,139.2
West,Widget A,48,12.95,621.6
North,Widget A,11,18.46,203.06
South,Widget A,19,42.63,809.97
North,Widget D,74,43.09,3188.66
West,Widget C,75,29.83,2237.25
West,Widget A,36,17.07,614.52
North,Widget D,42,11.22,471.24
Central,Gadget X,93,20.99,1952.07
East,Gadget X,8,46.52,372.16
South,Widget A,91,20.22,1840.02
East,Widget B,56,10.34,579.04
East,Widget D,19,49.21,934.99
Central,Widget C,91,25.61,2330.51
West,Widget B,4,36.2,144.8
Central,Widget A,57,38.23,2179.11
North,Widget B,33,18.45,608.85
South,Widget C,96,31.67,3040.32
West,Widget A,37,24.86,919.82
North,Gadget X,38,26.64,1012.32
Central,Widget B,41,25.08,1028.28
Central,Widget C,78,13.76,1073.28
North,Widget D,5,30.7,153.5
West,Widget A,48,30.1,1444.8
North,Widget D,69,26.76,1846.44
South,Widget A,60,25.81,1548.6
East,Widget D,91,31.94,2906.54
East,Widget C,25,42.76,1069.0
North,Widget A,46,41.13,1891.98
South,Gadget X,95,25.34,2407.3
South,Gadget X,97,33.69,3267.93
West,Widget A,67,30.48,2042.16
Central,Widget A,57,13.07,744.99
South,Gadget X,90,16.03,1442.7
South,Widget B,54,35.58,1921.32
North,Widget B,96,25.49,2447.04
South,Widget C,73,25.83,1885.59
South,Widget B,95,24.0,2280.0
West,Widget C,94,34.19,3213.86
East,Widget D,66,32.53,2146.98
South,Widget D,23,49.21,1131.83
North,Widget D,80,17.68,1414.4
Central,Widget B,94,33.65,3163.1
West,Widget B,52,11.92,619.84
Central,Widget B,47,33.89,1592.83
West,Widget D,34,39.74,1351.16
East,Widget C,61,44.1,2690.1
North,Widget B,3,40.53,121.59
North,Widget D,12,33.44,401.28
North,Widget A,61,13.43,819.23
North,Gadget X,69,45.57,3144.33
East,Gadget X,22,48.01,1056.22
South,Widget B,40,28.65,1146.0
Central,Widget C,49,39.79,1949.71
South,Widget A,40,31.17,1246.8
South,Gadget X,35,24.73,865.55
South,Widget C,90,29.52,2656.8
North,Gadget X,38,41.07,1560.66
North,Widget A,31,45.43,1408.33
North,Widget B,68,15.21,1034.28
Central,Widget A,46,29.13,1339.98
North,Widget A,81,46.2,3742.2
Central,Widget B,26,39.21,1019.46
West,Widget D,43,29.21,1256.03
North,Widget A,28,18.17,508.76
South,Widget B,70,49.35,3454.5
West,Widget C,24,47.3,1135.2
West,Widget B,36,23.84,858.24
North,Widget A,58,15.87,920.46
West,Widget A,40,26.02,1040.8
Central,Widget B,46,31.73,1459.58
North,Widget C,5,35.37,176.85
North,Widget D,25,21.83,545.75
East,Gadget X,3,35.63,106.89
North,Widget C,51,11.45,583.95
South,Widget D,89,34.52,3072.28
Central,Widget A,55,26.46,1455.3
East,Widget A,78,47.37,3694.86
North,Gadget X,8,28.79,230.32
North,Widget A,96,32.58,3127.68
West,Widget D,47,14.13,664.11
Central,Widget A,3,46.95,140.85
East,Widget B,20,29.48,589.6
South,Gadget X,90,24.41,2196.9
Central,Widget A,63,32.86,2070.18
East,Widget D,10,21.93,219.3
North,Widget D,17,12.11,205.87
North,Widget B,21,31.93,670.53
North,Widget B,22,10.71,235.62
South,Widget B,94,13.74,1291.56
North,Gadget X,60,26.68,1600.8
Central,Widget A,96,38.69,3714.24
West,Widget D,30,38.46,1153.8
South,Widget A,77,17.74,1365.98
Central,Widget C,82,44.99,3689.18
Central,Widget B,88,24.03,2114.64
West,Widget A,82,22.07,1809.74
East,Gadget X,94,11.27,1059.38
Central,Gadget X,7,18.37,128.59
West,Gadget X,74,41.65,3082.1
North,Widget D,9,14.28,128.52
East,Gadget X,76,48.63,3695.88
West,Gadget X,22,28.88,635.36
Central,Widget D,95,35.87,3407.65
Central,Widget B,7,20.09,140.63
West,Widget C,42,32.08,1347.36
East,Widget D,73,40.83,2980.59
North,Widget B,26,18.9,491.4
East,Widget A,39,34.55,1347.45
Central,Widget B,64,39.61,2535.04
East,Gadget X,66,43.42,2865.72
West,Widget C,79,19.84,1567.36
North,Gadget X,6,28.5,171.0
East,Gadget X,35,17.74,620.9
East,Widget C,18,45.48,818.64
South,Widget C,15,38.49,577.35
West,Widget B,27,35.87,968.49
Central,Widget B,73,31.22,2279.06
Central,Widget C,12,28.7,344.4
East,Widget C,50,30.56,1528.0
South,Widget D,43,34.22,1471.46
West,Widget A,2,18.31,36.62
East,Widget A,28,44.62,1249.36
North,Widget B,25,20.22,505.5
South,Widget D,66,43.51,2871.66
West,Widget B,86,26.08,2242.88
West,Widget B,97,46.9,4549.3
East,Widget A,16,42.05,672.8
North,Widget D,67,35.05,2348.35
North,Gadget X,95,23.67,2248.65
South,Widget D,81,36.08,2922.48
North,Widget B,86,11.18,961.48
Central,Widget D,37,40.9,1513.3
Central,Widget A,15,31.51,472.65
South,Widget D,93,29.95,2785.35
West,Widget D,99,49.08,4858.92
West,Widget A,79,43.95,3472.05
North,Widget B,41,18.59,762.19
North,Widget C,28,21.39,598.92
South,Widget C,57,49.02,2794.14
North,Widget C,25,27.6,690.0
East,Widget D,87,16.22,1411.14
South,Widget A,55,39.58,2176.9
North,Widget D,95,35.19,3343.05
North,Widget B,8,37.85,302.8
West,Widget C,8,45.92,367.36
South,Widget C,21,15.96,335.16
West,Widget A,14,49.51,693.14
South,Widget B,72,17.52,1261.44
North,Widget D,3,33.67,101.01
North,Widget D,71,13.46,955.66
North,Widget C,18,17.86,321.48
West,Widget D,95,14.05,1334.75
North,Widget D,32,30.45,974.4
West,Gadget X,7,31.66,221.62
North,Gadget X,23,25.79,593.17
Central,Widget C,17,15.52,263.84
North,Widget A,52,27.92,1451.84
East,Widget D,53,35.97,1906.41
East,Gadget X,98,40.07,3926.86
East,Widget D,21,40.91,859.11
West,Widget D,82,14.21,1165.22
Central,Gadget X,54,37.87,2044.98
East,Gadget X,58,49.19,2853.02
North,Widget A,13,44.18,574.34
East,Gadget X,76,42.18,3205.68
East,Gadget X,24,11.16,267.84
East,Widget D,61,12.96,790.56
Central,Gadget X,77,10.35,796.95
North,Widget C,35,17.82,623.7
South,Gadget X,80,27.95,2236.0
South,Gadget X,79,42.66,3370.14
West,Widget C,30,33.75,1012.5
North,Widget C,42,38.95,1635.9
North,Widget A,70,12.93,905.1
North,Widget B,65,30.38,1974.7
South,Gadget X,57,24.85,1416.45
East,Widget B,100,25.85,2585.0
Central,Widget B,32,42.43,1357.76
West,Widget B,45,44.1,1984.5
East,Widget A,99,41.28,4086.72
East,Widget C,91,21.44,1951.04
West,Gadget X,23,20.9,480.7
East,Widget B,12,48.22,578.64
North,Gadget X,46,24.29,1117.34
North,Widget B,68,42.34,2879.12
West,Widget C,50,17.85,892.5
North,Gadget X,80,31.07,2485.6
West,Widget B,75,24.85,1863.75
South,Widget C,47,33.92,1594.24
East,Widget A,64,22.91,1466.24
East,Gadget X,6,19.28,115.68
West,Gadget X,59,13.68,807.12
West,Widget A,35,20.22,707.7
West,Widget A,59,47.6,2808.4
South,Widget B,4,44.54,178.16
South,Widget D,9,35.38,318.42
Central,Widget D,36,14.49,521.64
Central,Widget C,30,22.72,681.6
West,Gadget X,48,15.17,728.16
West,Widget D,26,16.77,436.02
North,Widget C,20,14.09,281.8
South,Widget D,27,13.38,361.26
West,Gadget X,33,49.04,1618.32
West,Widget A,33,24.37,804.21
South,Gadget X,47,11.21,526.87
West,Gadget X,48,19.79,949.92
South,Widget C,65,27.87,1811.55
East,Widget B,17,37.26,633.42
East,Gadget X,39,35.04,1366.56
Central,Gadget X,41,11.2,459.2
West,Widget B,70,39.56,2769.2
West,Widget A,48,35.63,1710.24
West,Widget C,13,39.57,514.41
South,Widget B,50,31.97,1598.5
South,Widget A,60,39.3,2358.0
Central,Widget C,57,34.52,1967.64
West,Widget D,68,46.15,3138.2
West,Widget A,62,13.87,859.94
West,Widget A,24,44.63,1071.12
West,Widget A,20,12.58,251.6
South,Gadget X,25,38.08,952.0
South,Widget B,59,32.36,1909.24
North,Gadget X,2,36.93,73.86
South,Widget A,92,29.18,2684.56
North,Widget A,68,45.06,3064.08
North,Gadget X,100,32.32,3232.0
South,Widget D,69,30.01,2070.69
North,Widget A,55,14.24,783.2
West,Gadget X,30,40.39,1211.7
West,Widget D,42,40.25,1690.5
Central,Gadget X,10,45.35,453.5
East,Widget A,19,11.83,224.77
North,Widget D,44,40.7,1790.8
Central,Widget D,18,36.85,663.3
Central,Widget A,72,33.6,2419.2
Central,Widget B,96,25.95,2491.2
North,Widget C,33,30.95,1021.35
East,Gadget X,27,39.86,1076.22
South,Gadget X,79,39.28,3103.12
East,Gadget X,5,48.87,244.35
West,Widget B,94,27.2,2556.8
East,Widget D,19,37.09,704.71
East,Widget C,15,33.1,496.5
North,Gadget X,60,47.19,2831.4
South,Gadget X,64,23.93,1531.52
Central,Gadget X,65,48.57,3157.05
Central,Widget C,3,47.73,143.19
Central,Widget A,79,20.85,1647.15
Central,Widget B,99,44.85,4440.15
West,Widget D,26,37.64,978.64
West,Widget A,95,41.23,3916.85
East,Widget A,33,43.7,1442.1
North,Widget D,79,39.39,3111.81
North,Widget C,52,22.47,1168.44
South,Widget D,9,25.7,231.3
South,Widget B,43,32.8,1410.4
East,Widget B,70,45.65,3195.5
North,Widget A,35,47.19,1651.65
East,Widget A,77,11.48,883.96
East,Widget A,10,17.91,179.1
North,Widget A,68,41.71,2836.28
North,Gadget X,1,27.13,27.13
West,Widget B,23,12.6,289.8
East,Gadget X,18,16.5,297.0
West,Widget C,55,38.56,2120.8
South,Gadget X,67,30.41,2037.47
Central,Widget D,85,41.67,3541.95
West,Widget C,55,18.54,1019.7
West,Gadget X,50,33.45,1672.5
East,Widget B,3,23.35,70.05
Central,Gadget X,85,10.81,918.85
Central,Widget B,72,18.88,1359.36
East,Widget A,4,49.66,198.64
North,Widget D,77,42.66,3284.82
Central,Widget D,96,23.54,2259.84
East,Gadget X,26,47.41,1232.66
North,Widget A,15,15.25,228.75
Central,Widget C,62,23.22,1439.64
Central,Gadget X,18,37.72,678.96
Central,Widget B,27,10.72,289.44
South,Widget B,7,22.63,158.41
South,Widget A,68,19.56,1330.08
North,Widget D,97,24.75,2400.75
South,Widget B,46,26.17,1203.82
West,Widget C,79,28.69,2266.51
South,Gadget X,7,41.43,290.01
West,Widget B,48,26.39,1266.72
West,Gadget X,93,20.87,1940.91
Central,Widget A,9,37.05,333.45
East,Widget A,62,43.5,2697.0
South,Gadget X,39,49.58,1933.62
East,Gadget X,8,21.54,172.32
East,Widget B,66,45.81,3023.46
South,Widget D,51,33.54,1710.54
East,Widget A,47,10.54,495.38
North,Widget D,36,13.59,489.24
South,Gadget X,52,44.03,2289.56
South,Widget C,70,43.29,3030.3
East,Widget D,95,29.27,2780.65
North,Gadget X,55,48.51,2668.05
South,Widget B,71,40.94,2906.74
Central,Gadget X,56,30.46,1705.76
South,Gadget X,4,11.33,45.32
Central,Widget B,67,19.17,1284.39
North,Widget C,86,18.39,1581.54
South,Widget A,31,16.13,500.03
North,Widget B,58,13.26,769.08
Central,Widget C,1,43.86,43.86
Central,Widget B,20,25.26,505.2
East,Widget D,34,13.8,469.2
East,Gadget X,59,29.36,1732.24
West,Widget A,34,49.14,1670.76
North,Widget B,86,41.89,3602.54
East,Widget D,26,31.44,817.44
Central,Widget D,53,19.31,1023.43
West,Widget A,16,46.64,746.24
West,Widget D,21,25.97,545.37
South,Widget D,32,44.41,1421.12
North,Widget D,41,29.65,1215.65
East,Widget C,64,12.52,801.28
East,Widget C,5,26.65,133.25
South,Widget D,49,10.64,521.36
East,Widget D,95,22.75,2161.25
South,Widget C,19,31.96,607.24
East,Widget C,44,16.2,712.8
South,Gadget X,92,42.45,3905.4
South,Gadget X,53,15.4,816.2
Central,Widget C,52,28.6,1487.2
North,Gadget X,86,44.95,3865.7
South,Widget C,70,35.62,2493.4
West,Widget D,1,31.03,31.03
East,Widget C,54,46.38,2504.52
South,Widget B,29,48.08,1394.32
Central,Widget B,14,21.4,299.6
Central,Widget A,13,23.77,309.01
East,Widget C,79,11.53,910.87
North,Widget B,70,10.26,718.2
East,Widget C,72,33.16,2387.52
West,Widget C,89,42.95,3822.55
West,Gadget X,77,17.5,1347.5
West,Widget C,30,33.32,999.6
South,Widget D,15,26.37,395.55
North,Widget D,61,26.1,1592.1
North,Widget B,46,28.9,1329.4
North,Widget B,65,41.55,2700.75
East,Widget A,30,36.74,1102.2
Central,Widget C,61,43.08,2627.88
Central,Widget A,77,22.77,1753.29
North,Widget B,61,13.9,847.9
East,Widget A,29,19.52,566.08
East,Widget C,27,22.86,617.22
West,Widget A,90,45.17,4065.3
East,Widget B,43,47.56,2045.08
South,Widget A,69,32.98,2275.62
West,Widget D,38,34.11,1296.18
Central,Widget D,6,45.38,272.28
West,Widget A,61,20.2,1232.2
East,Gadget X,81,43.36,3512.16
East,Gadget X,8,22.15,177.2
Central,Gadget X,43,37.98,1633.14
West,Widget D,11,42.32,465.52
Central,Widget D,76,30.6,2325.6
East,Widget B,30,32.31,969.3
East,Widget D,42,18.98,797.16
Central,Widget C,58,27.59,1600.22
Central,Widget A,1,30.41,30.41
North,Gadget X,24,19.44,466.56
East,Widget D,51,27.06,1380.06
Central,Widget C,13,31.9,414.7
Central,Widget B,38,46.76,1776.88
North,Widget D,87,37.81,3289.47
West,Gadget X,37,38.57,1427.09
North,Gadget X,18,29.89,538.02
West,Widget C,33,16.06,529.98
West,Widget D,90,14.07,1266.3
East,Widget A,79,45.96,3630.84
North,Widget D,96,41.71,4004.16
South,Widget B,7,27.35,191.45
West,Widget D,94,42.39,3984.66
South,Gadget X,34,13.4,455.6
North,Widget C,55,41.74,2295.7
East,Widget C,55,35.08,1929.4
Central,Widget D,32,22.34,714.88
South,Widget B,98,10.38,1017.24
West,Widget C,42,25.71,1079.82
Central,Widget A,95,47.06,4470.7
South,Widget A,29,33.8,980.2
West,Widget B,53,22.43,1188.79
Central,Widget C,3,20.11,60.33
West,Widget D,40,23.2,928.0
West,Widget B,68,11.01,748.68
West,Gadget X,35,31.13,1089.55
South,Widget C,35,12.75,446.25
South,Gadget X,80,34.78,2782.4
West,Widget C,91,25.31,2303.21
Central,Widget B,61,49.55,3022.55
Central,Gadget X,12,16.58,198.96
North,Widget A,95,48.33,4591.35
West,Gadget X,37,12.71,470.27
North,Widget C,47,15.35,721.45
South,Widget D,64,11.33,725.12
West,Widget C,65,17.7,1150.5
Central,Widget A,92,37.54,3453.68
North,Widget D,63,39.85,2510.55
West,Widget A,7,42.75,299.25
North,Widget A,89,11.46,1019.94
Central,Widget D,74,11.91,881.34
East,Widget A,74,40.5,2997.0
North,Gadget X,31,14.61,452.91
Central,Widget A,70,35.87,2510.9
South,Widget A,83,46.55,3863.65
North,Widget C,32,27.99,895.68
Central,Widget A,9,15.03,135.27
West,Widget D,28,33.01,924.28
East,Widget D,16,28.09,449.44
Central,Gadget X,17,37.47,636.99
South,Widget C,16,20.65,330.4
North,Widget C,95,25.23,2396.85
North,Widget B,3,28.17,84.51
South,Widget B,26,22.83,593.58
East,Widget D,87,37.96,3302.52
North,Widget B,10,39.16,391.6
Central,Widget B,12,44.53,534.36
East,Gadget X,55,49.19,2705.45
South,Widget A,63,15.41,970.83
Central,Gadget X,18,17.71,318.78
Central,Widget B,13,23.26,302.38
East,Widget A,16,35.88,574.08
South,Widget B,70,20.84,1458.8
South,Widget C,23,37.1,853.3
West,Widget B,70,19.29,1350.3
Central,Gadget X,21,12.6,264.6
North,Widget B,84,29.0,2436.0
West,Widget B,85,47.08,4001.8
East,Widget B,52,47.19,2453.88
East,Widget D,71,34.38,2440.98
North,Widget C,19,43.68,829.92
Central,Widget D,36,16.88,607.68
East,Gadget X,52,13.09,680.68
East,Widget B,72,28.64,2062.08
West,Widget C,20,45.47,909.4
South,Gadget X,97,47.78,4634.66
East,Gadget X,12,21.26,255.12
East,Widget A,14,28.91,404.74
North,Widget C,48,24.19,1161.12
West,Widget B,23,22.45,516.35
West,Widget D,6,13.15,78.9
South,Widget A,71,46.43,3296.53
West,Widget C,34,36.07,1226.38
North,Widget B,17,44.38,754.46
Central,Widget A,15,27.51,412.65
Central,Widget B,44,35.32,1554.08
West,Widget C,95,18.85,1790.75
West,Widget D,19,11.31,214.89
East,Widget D,14,44.8,627.2
West,Widget D,74,41.3,3056.2
West,Widget D,40,25.74,1029.6
Central,Widget B,69,35.08,2420.52
Central,Widget C,86,26.44,2273.84
North,Widget A,75,13.69,1026.75
North,Widget B,39,33.66,1312.74
South,Widget A,43,24.09,1035.87
West,Gadget X,70,18.72,1310.4
Central,Gadget X,72,19.32,1391.04
South,Widget D,35,25.15,880.25
East,Widget B,64,17.41,1114.24
East,Widget B,57,42.54,2424.78
Central,Widget C,33,29.38,969.54
North,Gadget X,7,10.17,71.19
Central,Widget C,2,43.89,87.78
West,Widget A,21,24.54,515.34
West,Widget B,55,26.64,1465.2
Central,Widget A,96,13.18,1265.28
East,Widget B,100,13.1,1310.0
East,Widget B,70,19.68,1377.6
East,Gadget X,91,14.3,1301.3
North,Widget A,10,48.76,487.6
West,Widget C,56,35.76,2002.56
Central,Widget A,39,42.73,1666.47
South,Widget C,35,11.74,410.9
East,Gadget X,17,11.31,192.27
West,Widget B,85,26.36,2240.6
North,Gadget X,1,12.74,12.74
North,Widget C,35,38.18,1336.3
South,Widget A,81,48.56,3933.36
South,Gadget X,88,33.93,2985.84
Central,Widget D,9,10.82,97.38
East,Widget A,22,32.97,725.34
North,Widget B,86,18.74,1611.64
East,Widget C,57,29.4,1675.8
South,Widget C,16,25.86,413.76
West,Widget D,38,46.05,1749.9
West,Gadget X,45,17.44,784.8
North,Widget D,23,14.54,334.42
South,Widget B,78,29.9,2332.2
West,Widget C,93,15.37,1429.41
West,Widget B,26,14.04,365.04
South,Widget D,98,12.85,1259.3
North,Widget C,29,43.92,1273.68
South,Widget A,44,27.14,1194.16
East,Widget B,76,41.78,3175.28
East,Widget C,67,20.05,1343.35
East,Gadget X,100,19.18,1918.0
East,Widget B,74,28.17,2084.58
Central,Widget C,45,12.11,544.95
Central,Widget D,76,49.93,3794.68
West,Gadget X,52,27.21,1414.92
Central,Widget A,33,47.91,1581.03
South,Widget D,97,40.27,3906.19
South,Gadget X,37,29.17,1079.29
North,Widget C,10,11.04,110.4
Central,Widget D,89,25.72,2289.08
East,Widget C,68,42.04,2858.72
Central,Gadget X,49,31.23,1530.27
Central,Gadget X,22,40.58,892.76
South,Widget B,4,42.09,168.36
East,Widget A,86,42.5,3655.0
Central,Widget D,48,39.08,1875.84
North,Widget C,83,40.29,3344.07
North,Widget A,92,26.4,2428.8
Central,Widget D,30,37.0,1110.0
Central,Widget C,29,47.15,1367.35
South,Widget A,44,47.81,2103.64
South,Widget A,35,34.36,1202.6
Central,Widget B,40,17.36,694.4
West,Widget D,15,24.99,374.85
North,Widget A,93,33.36,3102.48
South,Widget D,58,25.93,1503.94
Central,Widget A,74,16.82,1244.68
West,Widget C,6,12.23,73.38
East,Widget C,35,34.07,1192.45
Central,Gadget X,61,39.78,2426.58
Central,Widget A,94,12.4,1165.6
Central,Gadget X,71,47.57,3377.47
North,Widget A,80,37.91,3032.8
East,Widget A,69,37.12,2561.28
South,Gadget X,97,13.24,1284.28
South,Gadget X,32,32.58,1042.56
North,Widget C,38,35.36,1343.68
West,Widget C,68,33.85,2301.8
East,Widget A,20,35.59,711.8
North,Widget B,79,35.1,2772.9
East,Widget C,80,29.18,2334.4
Central,Widget C,34,20.91,710.94
Central,Widget A,61,49.0,2989.0
North,Widget D,49,26.78,1312.22
East,Widget D,50,45.27,2263.5
West,Widget C,29,35.31,1023.99
East,Widget D,45,33.69,1516.05
East,Gadget X,39,28.0,1092.0
East,Widget D,22,18.76,412.72
East,Gadget X,98,44.19,4330.62
South,Widget B,50,23.94,1197.0
South,Widget D,74,42.28,3128.72
South,Gadget X,46,48.43,2227.78
North,Widget B,35,16.55,579.25
Central,Widget C,36,37.53,1351.08
North,Widget C,51,10.28,524.28
East,Widget B,77,28.17,2169.09
East,Gadget X,49,31.78,1557.22
West,Widget B,79,36.96,2919.84
West,Gadget X,100,15.44,1544.0
Central,Widget A,1,15.13,15.13
East,Widget D,20,15.68,313.6
South,Gadget X,25,20.45,511.25
West,Widget A,80,48.26,3860.8
Central,Gadget X,64,32.54,2082.56
Central,Gadget X,36,28.61,1029.96
East,Widget B,78,35.2,2745.6
South,Widget C,78,47.51,3705.78
East,Widget A,78,34.54,2694.12
West,Gadget X,29,41.78,1211.62
East,Widget C,47,28.65,1346.55
West,Widget C,53,44.23,2344.19
South,Widget D,94,42.38,3983.72
South,Widget B,20,46.1,922.0
Central,Widget D,82,25.59,2098.38
East,Widget A,72,31.16,2243.52
East,Widget D,38,24.78,941.64
West,Widget B,40,47.88,1915.2
North,Gadget X,39,24.2,943.8
North,Widget A,50,28.61,1430.5
South,Widget B,12,34.56,414.72
South,Widget A,91,41.41,3768.31
Central,Widget D,98,25.27,2476.46
North,Widget D,64,28.54,1826.56
South,Gadget X,12,40.21,482.52
Central,Widget A,25,33.03,825.75
North,Widget B,18,18.89,340.02
Central,Widget D,47,40.75,1915.25
West,Widget A,51,45.75,2333.25
East,Widget A,94,38.73,3640.62
East,Widget C,10,33.67,336.7
Central,Widget A,42,33.0,1386.0
Central,Gadget X,78,13.18,1028.04
Central,Widget C,22,24.12,530.64
Central,Widget B,9,36.94,332.46
Central,Widget B,89,40.1,3568.9
West,Widget D,63,23.73,1494.99
North,Gadget X,17,19.06,324.02
Central,Widget B,33,22.58,745.14
North,Widget A,9,16.36,147.24
Central,Widget D,96,35.5,3408.0
Central,Widget C,94,33.66,3164.04
West,Widget A,98,14.69,1439.62
Central,Widget B,38,18.75,712.5
North,Widget B,8,23.82,190.56
South,Widget D,33,45.45,1499.85
East,Gadget X,44,27.52,1210.88
West,Widget D,100,29.57,2957.0
South,Gadget X,24,42.3,1015.2
East,Widget D,75,42.41,3180.75
South,Gadget X,23,24.12,554.76
South,Widget A,79,48.38,3822.02
East,Widget B,36,22.61,813.96
East,Gadget X,3,14.69,44.07
West,Widget C,8,10.93,87.44
South,Widget C,14,11.01,154.14
West,Widget B,54,13.16,710.64
South,Gadget X,3,37.16,111.48
Central,Widget A,27,18.56,501.12
East,Widget D,39,41.74,1627.86
Central,Widget A,3,32.21,96.63
North,Widget C,87,46.06,4007.22
Central,Widget A,16,14.41,230.56
East,Widget D,65,33.86,2200.9
East,Gadget X,5,24.26,121.3
North,Widget B,39,24.57,958.23
West,Widget C,54,36.06,1947.24
East,Widget A,5,46.8,234.0
West,Widget D,15,42.97,644.55
Central,Widget B,79,33.76,2667.04
South,Widget D,99,10.42,1031.58
North,Widget D,81,16.89,1368.09
West,Widget B,57,29.27,1668.39
South,Gadget X,96,48.38,4644.48
North,Gadget X,56,32.48,1818.88
North,Widget B,9,37.6,338.4
East,Widget B,46,47.24,2173.04
North,Widget D,90,21.67,1950.3
West,Widget B,59,29.15,1719.85
North,Widget A,68,34.29,2331.72
North,Widget B,92,25.85,2378.2
East,Gadget X,16,28.38,454.08
West,Widget A,46,30.01,1380.46
North,Widget D,31,19.58,606.98
North,Widget A,90,43.13,3881.7
East,Widget C,31,23.04,714.24
East,Widget A,98,20.71,2029.58
North,Widget A,81,30.75,2490.75
Central,Widget B,71,29.79,2115.09
East,Widget C,15,22.52,337.8
East,Widget D,16,48.41,774.56
West,Widget A,25,33.95,848.75
Central,Widget C,65,22.8,1482.0
West,Widget D,38,22.43,852.34
North,Widget B,35,43.58,1525.3
North,Gadget X,93,44.4,4129.2
East,Gadget X,70,46.74,3271.8
South,Widget C,49,24.26,1188.74
West,Widget D,69,48.14,3321.66
North,Gadget X,32,46.95,1502.4
East,Gadget X,40,38.96,1558.4
East,Widget A,37,23.04,852.48
North,Widget D,33,36.62,1208.46
East,Widget D,68,31.39,2134.52
East,Gadget X,57,17.16,978.12
West,Widget A,16,47.72,763.52
West,Widget B,63,31.24,1968.12
West,Gadget X,69,18.64,1286.16
South,Widget A,16,24.61,393.76
North,Gadget X,39,24.24,945.36
Central,Gadget X,27,37.28,1006.56
North,Widget D,68,15.66,1064.88
East,Widget B,85,46.45,3948.25
West,Gadget X,49,26.05,1276.45
South,Widget C,99,39.44,3904.56
North,Gadget X,68,28.53,1940.04
South,Widget A,12,45.02,540.24
East,Widget C,54,33.85,1827.9
North,Widget A,11,26.81,294.91
East,Widget C,28,44.82,1254.96
East,Gadget X,71,37.59,2668.89
Central,Widget A,92,41.05,3776.6
South,Widget B,68,39.39,2678.52
Central,Widget D,68,45.46,3091.28
South,Widget C,8,16.55,132.4
North,Widget A,41,49.86,2044.26
North,Widget A,4,11.64,46.56
East,Widget B,84,21.78,1829.52
North,Widget B,99,46.89,4642.11
North,Widget D,91,20.43,1859.13
Central,Widget A,99,34.12,3377.88
North,Widget B,31,38.74,1200.94
South,Widget C,62,42.65,2644.3
North,Widget A,30,34.83,1044.9
East,Widget C,17,27.72,471.24
Central,Gadget X,1,18.89,18.89
South,Widget B,78,25.25,1969.5
West,Widget C,11,44.26,486.86
East,Widget B,79,11.74,927.46
North,Widget D,58,13.12,760.96
West,Gadget X,58,41.92,2431.36
North,Widget C,65,10.65,692.25
South,Gadget X,95,22.93,2178.35
East,Widget A,46,30.65,1409.9
Central,Widget A,36,40.52,1458.72
West,Widget A,80,20.07,1605.6
East,Widget A,28,29.67,830.76
North,Widget C,42,21.9,919.8
East,Widget B,49,16.62,814.38
East,Widget C,76,32.52,2471.52
East,Widget B,26,38.64,1004.64
South,Widget C,18,47.38,852.84
West,Widget C,38,22.75,864.5
Central,Widget D,5,41.77,208.85
Central,Gadget X,20,41.6,832.0
West,Widget A,56,45.63,2555.28
East,Widget C,77,13.63,1049.51
North,Widget B,41,21.95,899.95
East,Widget D,15,15.54,233.1
South,Widget B,45,45.24,2035.8
South,Widget B,91,14.97,1362.27
West,Widget C,44,49.28,2168.32
East,Widget B,51,14.16,722.16
South,Gadget X,47,40.75,1915.25
South,Widget A,5,27.81,139.05
East,Widget A,44,10.77,473.88
East,Widget C,17,35.1,596.7
West,Widget C,67,11.83,792.61
South,Widget D,32,41.51,1328.32
South,Gadget X,66,43.47,2869.02
West,Widget A,30,44.06,1321.8
North,Widget B,57,46.21,2633.97
South,Widget B,33,11.59,382.47
Central,Widget A,73,44.72,3264.56
West,Widget D,42,43.39,1822.38
North,Widget D,51,18.08,922.08
West,Widget A,36,30.96,1114.56
East,Widget D,85,40.82,3469.7
East,Widget D,42,37.56,1577.52
North,Gadget X,32,27.87,891.84
South,Widget A,98,14.49,1420.02
West,Gadget X,82,45.99,3771.18
Central,Widget A,81,46.68,3781.08
Central,Widget A,42,46.0,1932.0
West,Widget B,18,30.46,548.28
North,Widget D,11,26.19,288.09
Central,Widget C,16,29.53,472.48
North,Widget A,91,29.68,2700.88
East,Gadget X,33,38.18,1259.94
West,Widget B,96,29.91,2871.36
East,Widget B,52,17.95,933.4
East,Gadget X,38,42.34,1608.92
West,Widget B,29,22.73,659.17
East,Widget D,63,11.59,730.17
North,Widget D,46,47.11,2167.06
Central,Widget D,10,40.44,404.4
South,Widget A,95,31.41,2983.95
Central,Widget D,54,22.49,1214.46
South,Widget D,28,18.12,507.36
North,Gadget X,17,10.11,171.87
South,Widget A,88,33.68,2963.84
North,Widget B,3,22.64,67.92
North,Widget B,90,36.0,3240.0
West,Widget D,75,23.01,1725.75
South,Gadget X,4,10.63,42.52
Central,Widget C,5,39.05,195.25
West,Widget A,10,39.98,399.8
East,Widget D,36,44.62,1606.32
West,Widget B,7,14.23,99.61
South,Widget B,93,13.1,1218.3
West,Widget A,22,13.01,286.22
East,Widget B,82,25.66,2104.12
Central,Widget A,69,27.71,1911.99
North,Gadget X,40,33.24,1329.6
East,Widget A,13,41.76,542.88
Central,Widget A,99,24.67,2442.33
West,Widget B,2,29.62,59.24
South,Gadget X,68,25.27,1718.36
North,Widget B,43,16.72,718.96
West,Widget B,22,16.44,361.68
North,Widget B,19,45.87,871.53
West,Widget B,41,32.96,1351.36
Central,Widget D,38,43.96,1670.48
West,Widget D,29,16.51,478.79
South,Widget D,59,32.77,1933.43
Central,Widget C,5,27.94,139.7
East,Gadget X,62,47.39,2938.18
North,Widget D,22,20.0,440.0
North,Widget A,89,17.09,1521.01
South,Widget A,11,13.03,143.33
North,Widget D,20,18.23,364.6
Central,Widget C,65,16.39,1065.35
Central,Widget A,78,10.84,845.52
West,Widget B,80,45.9,3672.0
North,Widget A,23,16.21,372.83
North,Gadget X,50,26.3,1315.0
East,Widget B,62,29.53,1830.86
South,Widget A,15,44.39,665.85
South,Widget C,72,45.32,3263.04
North,Widget D,74,28.02,2073.48
West,Widget A,47,35.09,1649.23
South,Gadget X,82,40.16,3293.12
West,Widget A,61,24.5,1494.5
East,Widget B,65,32.16,2090.4
North,Widget D,12,21.65,259.8
West,Widget C,18,17.83,320.94
Central,Gadget X,88,35.86,3155.68
West,Widget B,37,31.25,1156.25
Central,Widget A,80,12.24,979.2
East,Widget D,97,36.85,3574.45
East,Widget B,55,11.5,632.5
East,Gadget X,92,41.67,3833.64
Central,Gadget X,10,27.15,271.5
West,Widget D,95,22.54,2141.3
North,Gadget X,34,44.66,1518.44
East,Widget C,41,33.95,1391.95
North,Widget C,17,29.08,494.36
East,Widget D,98,40.09,3928.82
South,Widget B,68,44.05,2995.4
Central,Widget B,68,13.83,940.44
Central,Widget B,6,20.89,125.34
Central,Widget C,27,30.7,828.9
North,Widget A,68,10.99,747.32
East,Widget A,26,43.71,1136.46
South,Widget D,27,38.37,1035.99
North,Widget A,31,43.21,1339.51
Central,Widget D,98,17.21,1686.58
Central,Widget C,79,26.15,2065.85
Central,Widget D,72,39.67,2856.24
East,Gadget X,60,22.42,1345.2
Central,Widget A,85,36.84,3131.4
Central,Widget D,18,37.18,669.24
East,Widget C,94,30.52,2868.88
Central,Gadget X,22,21.5,473.0
East,Widget D,14,33.47,468.58
Central,Widget B,39,24.68,962.52
East,Widget A,60,21.54,1292.4
South,Widget B,32,19.93,637.76
West,Widget D,35,17.56,614.6
South,Widget C,28,18.82,526.96
South,Widget D,93,30.55,2841.15
North,Widget B,38,39.2,1489.6
Central,Gadget X,56,25.32,1417.92
West,Widget D,45,12.91,580.95
West,Widget B,48,36.65,1759.2
South,Gadget X,70,10.09,706.3
Central,Widget C,90,32.73,2945.7
South,Gadget X,54,26.16,1412.64
East,Widget C,75,13.19,989.25
North,Widget A,6,48.62,291.72
South,Widget A,89,40.33,3589.37
South,Widget D,95,15.98,1518.1
South,Widget A,43,42.5,1827.5
North,Widget B,43,43.9,1887.7
North,Widget D,76,16.88,1282.88
Central,Widget C,13,12.7,165.1
Central,Widget D,71,15.17,1077.07
Central,Widget C,87,10.29,895.23
North,Widget D,95,25.78,2449.1
West,Widget B,35,12.52,438.2
East,Widget C,92,43.98,4046.16
East,Widget A,4,11.75,47.0
East,Gadget X,71,17.0,1207.0
West,Widget A,90,29.89,2690.1
South,Widget B,18,31.74,571.32
Central,Widget B,38,12.21,463.98
South,Gadget X,39,11.3,440.7
West,Widget A,44,11.31,497.64
South,Widget B,71,35.23,2501.33
East,Widget D,61,32.62,1989.82
East,Widget D,33,22.06,727.98
South,Gadget X,11,20.07,220.77
East,Widget B,82,10.46,857.72
East,Widget B,4,29.91,119.64
West,Widget C,21,19.48,409.08
West,Widget C,74,38.47,2846.78
Central,Widget C,15,35.87,538.05
North,Widget D,79,17.23,1361.17
West,Widget D,98,24.66,2416.68
West,Gadget X,86,41.12,3536.32
South,Widget C,43,22.49,967.07
Central,Widget C,84,46.3,3889.2
West,Gadget X,41,26.6,1090.6
West,Widget B,53,11.69,619.57
Central,Widget C,62,33.94,2104.28
Central,Widget D,65,43.7,2840.5
Central,Gadget X,79,44.17,3489.43
South,Widget B,33,16.84,555.72
North,Widget D,59,31.53,1860.27
East,Widget A,72,20.41,1469.52
East,Gadget X,38,43.89,1667.82
Central,Widget A,92,48.24,4438.08
East,Widget A,31,31.25,968.75
West,Widget C,83,14.31,1187.73
North,Gadget X,5,38.92,194.6
East,Widget C,61,28.27,1724.47
North,Widget A,72,33.54,2414.88
North,Widget A,80,20.52,1641.6
Central,Widget B,46,46.37,2133.02
North,Widget A,36,35.08,1262.88
West,Gadget X,72,22.79,1640.88
South,Widget D,63,23.11,1455.93
Central,Widget A,30,20.62,618.6
South,Widget B,63,28.64,1804.32
Central,Widget A,55,27.11,1491.05
Central,Widget D,82,35.91,2944.62
North,Widget B,27,17.36,468.72
East,Widget A,91,34.45,3134.95
Central,Widget B,17,46.97,798.49
Central,Widget C,20,30.05,601.0
East,Widget B,82,24.8,2033.6
Central,Gadget X,69,46.89,3235.41
North,Widget B,14,10.96,153.44
West,Widget A,70,14.46,1012.2
West,Gadget X,7,20.15,141.05
North,Gadget X,35,45.54,1593.9
East,Widget B,6,36.13,216.78
Central,Widget D,84,40.12,3370.08
South,Widget B,50,42.68,2134.0
Central,Widget A,47,47.11,2214.17
North,Widget D,42,10.33,433.86
North,Widget A,68,24.5,1666.0
West,Widget D,62,32.92,2041.04
East,Widget B,2,31.57,63.14
Central,Widget A,47,25.07,1178.29
West,Widget C,67,44.79,3000.93
Central,Widget B,30,44.5,1335.0
North,Gadget X,45,11.28,507.6
East,Widget A,32,30.74,983.68
West,Widget C,15,27.24,408.6
South,Gadget X,1,10.06,10.06
West,Widget A,98,30.09,2948.82
South,Gadget X,35,47.4,1659.0
South,Widget D,57,27.16,1548.12
East,Gadget X,85,44.4,3774.0
Central,Widget D,27,30.63,827.01
North,Widget B,100,10.66,1066.0
West,Gadget X,13,43.61,566.93
North,Widget A,64,37.24,2383.36
Central,Widget B,85,32.55,2766.75
Central,Widget D,77,17.21,1325.17
Central,Widget A,27,24.43,659.61
North,Widget C,17,33.57,570.69
Central,Widget B,26,20.53,533.78
South,Widget D,82,21.15,1734.3
Central,Widget C,33,26.86,886.38
West,Widget A,48,34.35,1648.8
South,Widget A,55,22.06,1213.3
East,Widget A,53,22.7,1203.1
East,Widget D,76,36.71,2789.96
East,Widget C,50,14.13,706.5
South,Widget C,49,24.62,1206.38
North,Widget A,59,26.77,1579.43
North,Gadget X,87,42.66,3711.42
West,Widget A,15,30.29,454.35
Central,Gadget X,85,31.9,2711.5
East,Widget B,87,28.58,2486.46
East,Gadget X,53,25.97,1376.41
West,Widget A,83,42.7,3544.1
North,Gadget X,30,47.27,1418.1
Central,Gadget X,97,48.73,4726.81
North,Widget B,68,35.12,2388.16
East,Widget B,82,40.41,3313.62
West,Widget A,2,49.35,98.7
South,Widget A,15,19.17,287.55
East,Gadget X,62,33.02,2047.24
East,Widget D,4,23.94,95.76
West,Widget D,71,19.88,1411.48
East,Widget B,95,17.53,1665.35
West,Widget D,6,34.26,205.56
North,Widget A,2,22.74,45.48
North,Gadget X,78,17.07,1331.46
East,Widget B,87,14.42,1254.54
Central,Gadget X,21,18.76,393.96
North,Widget B,23,15.71,361.33
South,Widget D,13,43.26,562.38
Central,Widget D,18,49.51,891.18
West,Widget C,100,27.5,2750.0
East,Widget D,21,20.61,432.81
North,Gadget X,22,39.66,872.52
South,Gadget X,85,42.2,3587.0
East,Widget D,71,20.34,1444.14
East,Gadget X,26,22.76,591.76
South,Widget C,46,30.42,1399.32
North,Gadget X,85,18.46,1569.1
West,Widget C,62,24.8,1537.6
South,Widget A,49,11.62,569.38
West,Widget C,18,41.01,738.18
Central,Gadget X,53,45.61,2417.33
North,Widget D,6,32.96,197.76
Central,Widget A,28,36.64,1025.92
South,Widget A,8,15.19,121.52
South,Widget B,36,37.49,1349.64
East,Gadget X,83,44.43,3687.69
South,Widget D,77,23.11,1779.47
East,Widget A,48,18.16,871.68
East,Widget B,96,16.55,1588.8
North,Widget C,89,11.31,1006.59
Central,Widget A,54,44.44,2399.76
East,Widget C,66,23.4,1544.4
South,Widget C,8,11.89,95.12
East,Widget B,61,21.84,1332.24
North,Widget D,92,16.32,1501.44
North,Gadget X,45,32.49,1462.05
Central,Widget D,60,43.14,2588.4
South,Widget C,83,37.77,3134.91
Central,Widget B,45,47.25,2126.25
Central,Widget A,61,19.18,1169.98
North,Widget B,32,45.91,1469.12
East,Gadget X,70,47.8,3346.0
West,Widget C,9,17.37,156.33
North,Gadget X,23,18.21,418.83
Central,Widget D,60,28.59,1715.4
North,Widget D,71,11.52,817.92
West,Gadget X,29,34.42,998.18
East,Widget D,96,18.56,1781.76
North,Widget B,47,13.28,624.16
South,Widget D,38,13.53,514.14
West,Widget C,61,14.17,864.37
East,Widget D,11,28.39,312.29
East,Widget B,60,23.99,1439.4
North,Widget C,21,23.26,488.46
East,Gadget X,91,12.65,1151.15
East,Widget B,38,23.46,891.48
South,Widget B,80,49.84,3987.2
West,Widget B,5,27.47,137.35
West,Widget A,100,27.04,2704.0
South,Widget C,92,28.91,2659.72
West,Gadget X,35,29.33,1026.55
West,Widget C,43,20.19,868.17
Central,Gadget X,3,31.08,93.24
South,Widget A,47,34.14,1604.58
Central,Widget D,2,45.6,91.2
East,Widget A,100,34.14,3414.0
West,Widget A,25,23.33,583.25
South,Widget A,45,43.57,1960.65
South,Widget C,86,47.22,4060.92
North,Widget D,53,22.51,1193.03
South,Widget B,38,22.29,847.02
North,Widget A,11,35.09,385.99
South,Widget A,60,18.59,1115.4
Central,Widget C,1,20.8,20.8
North,Widget C,72,29.63,2133.36
West,Widget A,58,46.2,2679.6
Central,Widget B,92,20.76,1909.92
East,Widget A,23,48.58,1117.34
West,Gadget X,45,27.5,1237.5
Central,Widget B,27,40.83,1102.41
East,Widget B,92,16.39,1507.88
North,Widget B,12,32.86,394.32
South,Widget A,86,43.93,3777.98
West,Widget B,22,21.96,483.12
East,Widget C,91,16.5,1501.5
South,Gadget X,81,28.6,2316.6
South,Widget B,92,46.08,4239.36
West,Widget B,5,13.31,66.55
East,Widget C,13,35.78,465.14
South,Widget D,64,25.15,1609.6
South,Gadget X,29,34.23,992.67
West,Widget A,47,29.22,1373.34
South,Widget D,89,17.2,1530.8
West,Widget A,26,15.06,391.56
East,Widget A,29,17.63,511.27
North,Gadget X,73,43.57,3180.61
West,Widget D,4,12.16,48.64
East,Widget A,42,42.17,1771.14
Central,Gadget X,74,39.27,2905.98
South,Widget B,54,43.41,2344.14
West,Gadget X,65,47.25,3071.25
East,Widget C,95,12.68,1204.6
East,Gadget X,19,21.13,401.47
East,Gadget X,38,31.77,1207.26
Central,Widget B,68,37.39,2542.52
East,Widget C,85,34.12,2900.2
South,Widget D,20,25.99,519.8
West,Widget C,72,44.07,3173.04
West,Gadget X,63,34.17,2152.71
South,Widget C,40,37.28,1491.2
Central,Widget A,21,41.1,863.1
East,Gadget X,90,37.04,3333.6
West,Widget A,13,28.25,367.25
West,Widget A,2,14.86,29.72
Central,Widget D,83,14.92,1238.36
West,Widget A,53,14.53,770.09
South,Widget B,46,18.09,832.14
South,Widget D,28,33.84,947.52
Central,Gadget X,4,35.81,143.24
Central,Gadget X,89,37.1,3301.9
South,Gadget X,4,37.34,149.36
Central,Gadget X,81,17.1,1385.1
North,Widget D,94,34.1,3205.4
East,Widget D,23,39.13,899.99
West,Widget D,25,32.79,819.75
Central,Gadget X,42,12.11,508.62
East,Gadget X,2,15.19,30.38
North,Widget D,66,27.86,1838.76
South,Widget B,52,29.72,1545.44
East,Gadget X,78,49.4,3853.2
East,Widget A,22,17.45,383.9
Central,Widget B,44,15.17,667.48
North,Widget B,93,45.23,4206.39
West,Widget B,38,31.72,1205.36
North,Gadget X,31,34.43,1067.33
West,Widget D,54,15.42,832.68
Central,Widget D,25,35.17,879.25
East,Widget C,65,37.91,2464.15
Central,Widget B,75,16.41,1230.75
West,Widget D,4,19.66,78.64
East,Widget C,40,21.05,842.0
South,Widget A,16,24.25,388.0
West,Widget D,37,29.1,1076.7
West,Widget C,76,48.28,3669.28
South,Widget A,48,20.41,979.68
Central,Gadget X,76,18.71,1421.96
East,Gadget X,81,22.83,1849.23
Central,Gadget X,16,49.75,796.0
West,Widget C,76,36.7,2789.2
East,Widget A,90,18.5,1665.0
South,Widget A,5,14.65,73.25
West,Widget D,88,30.49,2683.12
North,Widget C,49,37.17,1821.33
East,Widget A,79,26.09,2061.11
North,Gadget X,89,39.39,3505.71
Central,Gadget X,4,34.02,136.08
North,Widget D,87,14.01,1218.87
West,Widget D,73,43.49,3174.77
South,Gadget X,100,16.71,1671.0
Central,Gadget X,98,33.06,3239.88
Central,Widget C,41,46.09,1889.69
South,Widget D,49,17.21,843.29
North,Gadget X,82,41.46,3399.72
North,Widget C,39,14.7,573.3
East,Widget B,56,43.7,2447.2
South,Widget B,61,13.44,819.84
East,Widget B,75,25.24,1893.0
South,Widget B,44,44.51,1958.44
North,Widget A,46,17.11,787.06
West,Gadget X,60,45.99,2759.4
Central,Widget B,62,12.32,763.84
West,Widget A,42,24.35,1022.7
South,Widget D,67,16.72,1120.24
East,Gadget X,93,32.58,3029.94
East,Widget A,60,25.34,1520.4
East,Widget D,42,45.85,1925.7
North,Gadget X,5,23.38,116.9
East,Widget B,90,30.52,2746.8
East,Widget B,100,29.3,2930.0
North,Widget D,22,21.42,471.24
East,Widget D,23,42.34,973.82
West,Widget D,43,43.46,1868.78
East,Widget A,56,22.69,1270.64
West,Gadget X,62,42.94,2662.28
East,Widget C,53,27.7,1468.1
North,Widget B,4,19.93,79.72
East,Widget D,70,45.2,3164.0
North,Widget D,100,16.18,1618.0
North,Widget C,41,48.2,1976.2
Central,Widget B,24,43.91,1053.84
Central,Widget C,5,40.39,201.95
South,Widget A,40,30.36,1214.4
East,Widget C,13,44.28,575.64
East,Widget D,89,29.06,2586.34
West,Widget D,83,15.18,1259.94
East,Gadget X,4,36.44,145.76
South,Widget A,20,25.29,505.8
South,Widget C,52,22.99,1195.48
South,Widget C,30,35.24,1057.2
West,Widget B,87,36.13,3143.31
East,Widget B,100,42.83,4283.0
West,Widget C,18,49.59,892.62
West,Gadget X,53,25.57,1355.21
West,Widget B,36,16.35,588.6
West,Widget A,51,13.38,682.38
East,Widget D,72,34.95,2516.4
North,Widget D,77,43.05,3314.85
Central,Widget B,83,15.26,1266.58
West,Widget A,50,18.05,902.5
West,Widget A,36,49.81,1793.16
South,Widget B,6,14.65,87.9
West,Gadget X,28,21.56,603.68
South,Widget B,92,44.31,4076.52
West,Widget B,33,42.8,1412.4
West,Widget A,27,27.36,738.72
West,Widget B,59,45.94,2710.46
East,Widget C,79,33.59,2653.61
North,Widget A,27,44.51,1201.77
Central,Gadget X,46,23.82,1095.72
South,Widget C,33,46.27,1526.91
Central,Widget D,68,35.3,2400.4
Central,Widget D,17,32.09,545.53
Central,Widget C,51,23.71,1209.21
North,Widget D,91,25.39,2310.49
South,Gadget X,11,28.58,314.38
North,Widget A,45,20.22,909.9
East,Widget D,77,42.76,3292.52
West,Widget A,49,11.57,566.93
West,Widget C,71,47.74,3389.54
South,Gadget X,51,26.11,1331.61
South,Widget C,52,29.53,1535.56
South,Widget D,39,38.79,1512.81
North,Widget B,31,21.34,661.54
West,Widget B,21,48.27,1013.67
West,Gadget X,59,14.71,867.89
South,Widget C,86,33.03,2840.58
North,Widget B,59,26.45,1560.55
North,Gadget X,44,35.66,1569.04
North,Widget C,71,12.06,856.26
North,Widget B,99,13.43,1329.57
East,Widget D,39,41.4,1614.6
West,Gadget X,7,41.7,291.9
Central,Widget B,73,24.13,1761.49
East,Widget C,13,31.39,408.07
East,Gadget X,89,11.43,1017.27
North,Widget D,8,40.03,320.24
North,Widget A,36,34.09,1227.24
Central,Widget B,10,45.83,458.3
South,Widget D,65,18.4,1196.0
North,Widget C,90,27.85,2506.5
North,Widget C,69,29.04,2003.76
East,Widget C,39,23.17,903.63
West,Widget C,37,43.7,1616.9
North,Widget B,50,17.93,896.5
North,Widget A,6,16.19,97.14
South,Widget A,69,38.61,2664.09
Central,Gadget X,78,26.46,2063.88
South,Gadget X,85,40.68,3457.8
South,Gadget X,96,18.79,1803.84
East,Gadget X,69,37.93,2617.17
East,Widget A,1,39.48,39.48
South,Widget B,98,26.68,2614.64
West,Widget B,73,28.45,2076.85
East,Widget C,54,45.08,2434.32
West,Widget A,2,21.9,43.8
East,Widget D,91,42.84,3898.44
South,Widget B,3,27.99,83.97
West,Widget B,38,25.5,969.0
South,Widget B,36,28.01,1008.36
South,Widget D,63,49.85,3140.55
North,Widget A,67,45.15,3025.05
West,Widget A,7,15.67,109.69
Central,Widget D,98,30.65,3003.7
North,Widget B,91,20.35,1851.85
East,Gadget X,65,17.15,1114.75
Central,Widget C,12,40.71,488.52
West,Widget C,26,26.73,694.98
South,Widget B,45,28.65,1289.25
South,Widget B,55,11.77,647.35
North,Widget D,45,34.28,1542.6
North,Widget D,82,47.6,3903.2
South,Widget A,34,19.99,679.66
Central,Widget A,87,16.59,1443.33
East,Gadget X,98,43.53,4265.94
North,Widget B,63,15.18,956.34
East,Widget D,32,34.81,1113.92
Central,Widget C,89,24.0,2136.0
West,Widget D,96,36.53,3506.88
South,Widget A,93,32.03,2978.79
Central,Widget B,98,17.88,1752.24
East,Widget B,15,23.7,355.5
North,Widget C,66,37.57,2479.62
South,Widget D,39,12.02,468.78
West,Widget B,50,20.38,1019.0
North,Widget B,94,44.49,4182.06
Central,Widget D,24,10.42,250.08
East,Widget D,71,35.87,2546.77
West,Widget B,69,38.62,2664.78
West,Widget D,90,37.82,3403.8
East,Widget A,69,48.17,3323.73
West,Widget C,29,32.42,940.18
West,Widget C,72,25.69,1849.68
West,Widget B,61,31.52,1922.72
North,Gadget X,94,48.72,4579.68
West,Widget D,11,20.87,229.57
West,Widget A,9,16.49,148.41
South,Widget C,72,19.83,1427.76
North,Gadget X,58,14.36,832.88
West,Gadget X,8,33.01,264.08
South,Widget D,66,27.5,1815.0
North,Widget C,23,18.71,430.33
South,Widget B,47,47.18,2217.46
West,Gadget X,51,38.29,1952.79
South,Widget C,19,46.53,884.07
West,Widget B,96,37.01,3552.96
East,Gadget X,62,16.15,1001.3
North,Widget B,10,36.18,361.8
Central,Widget C,13,12.99,168.87
North,Gadget X,34,48.0,1632.0
Central,Gadget X,83,14.86,1233.38
West,Widget A,22,35.87,789.14
East,Widget D,12,12.8,153.6
Central,Widget D,38,23.4,889.2
West,Widget B,19,19.89,377.91
North,Widget D,47,23.23,1091.81
Central,Widget A,8,14.82,118.56
East,Widget C,88,25.95,2283.6
West,Gadget X,3,41.04,123.12
North,Widget B,91,34.07,3100.37
North,Widget C,5,42.81,214.05
North,Gadget X,26,39.73,1032.98
Central,Widget B,94,33.67,3164.98
East,Widget D,25,34.83,870.75
South,Widget A,46,35.93,1652.78
Central,Widget A,17,48.11,817.87
Central,Widget A,30,13.8,414.0
East,Widget A,14,43.68,611.52
North,Widget C,23,12.66,291.18
West,Widget B,89,22.86,2034.54
East,Gadget X,48,19.21,922.08
West,Widget B,74,10.06,744.44
West,Widget D,34,48.43,1646.62
Central,Widget C,72,36.28,2612.16
West,Widget B,52,21.76,1131.52
East,Widget A,42,15.34,644.28
North,Widget D,53,26.78,1419.34
South,Widget D,89,36.29,3229.81
East,Widget D,52,45.23,2351.96
South,Widget D,96,10.84,1040.64
North,Widget B,89,33.05,2941.45
Central,Widget A,38,25.51,969.38
West,Widget B,32,18.01,576.32
North,Widget B,86,27.05,2326.3
Central,Widget C,45,12.85,578.25
West,Widget B,88,24.46,2152.48
South,Gadget X,61,10.82,660.02
North,Widget B,78,12.5,975.0
West,Gadget X,32,33.68,1077.76
South,Widget C,66,21.37,1410.42
South,Widget A,4,35.06,140.24
West,Widget D,29,46.4,1345.6
East,Widget A,3,33.84,101.52
East,Widget A,35,13.58,475.3
North,Widget B,10,13.58,135.8
East,Gadget X,66,20.57,1357.62
East,Widget B,8,26.79,214.32
East,Widget D,20,18.68,373.6
West,Widget B,50,26.61,1330.5
South,Widget B,47,47.07,2212.29
East,Widget D,1,22.1,22.1
North,Widget B,45,36.41,1638.45
South,Gadget X,38,31.64,1202.32
North,Gadget X,62,19.98,1238.76
West,Widget B,60,42.7,2562.0
Central,Widget D,34,14.71,500.14
South,Widget C,82,46.78,3835.96
Central,Widget A,72,46.07,3317.04
West,Widget C,21,46.73,981.33
East,Widget B,48,20.97,1006.56
West,Widget D,95,37.81,3591.95
West,Widget C,78,26.36,2056.08
East,Widget B,99,26.07,2580.93
East,Widget C,15,47.16,707.4
East,Widget C,11,23.55,259.05
West,Gadget X,31,41.23,1278.13
West,Widget B,40,42.56,1702.4
North,Widget B,42,25.84,1085.28
East,Widget D,73,47.46,3464.58
North,Widget B,53,26.41,1399.73
West,Widget B,30,25.5,765.0
East,Gadget X,40,49.03,1961.2
East,Widget D,51,12.88,656.88
North,Gadget X,10,45.59,455.9
South,Widget C,44,45.97,2022.68
North,Widget D,70,42.67,2986.9
West,Widget B,98,27.82,2726.36
North,Widget B,62,11.98,742.76
North,Widget B,92,11.44,1052.48
South,Widget D,33,43.3,1428.9
East,Widget C,96,36.27,3481.92
Central,Widget C,77,28.31,2179.87
West,Widget D,50,42.12,2106.0
East,Gadget X,51,37.75,1925.25
Central,Gadget X,2,41.63,83.26
South,Gadget X,65,39.09,2540.85
South,Widget A,41,48.37,1983.17
East,Widget B,48,37.81,1814.88
South,Widget B,42,23.02,966.84
West,Widget D,19,11.85,225.15
East,Widget A,32,32.19,1030.08
East,Gadget X,88,15.75,1386.0
East,Widget B,33,24.22,799.26
North,Widget C,37,42.18,1560.66
Central,Widget A,18,37.48,674.64
South,Gadget X,46,30.62,1408.52
East,Gadget X,80,16.79,1343.2
West,Widget B,54,18.04,974.16
South,Widget D,44,12.7,558.8
East,Widget D,29,43.86,1271.94
Central,Widget D,51,36.97,1885.47
Central,Widget C,95,34.81,3306.95
South,Gadget X,87,27.54,2395.98
West,Widget C,12,36.7,440.4
South,Widget A,68,39.9,2713.2
North,Widget B,72,45.35,3265.2
South,Widget A,54,22.07,1191.78
Central,Widget B,94,15.43,1450.42
Central,Widget A,21,46.12,968.52
East,Widget D,5,20.38,101.9
North,Widget D,48,21.69,1041.12
South,Widget C,48,18.81,902.88
West,Gadget X,63,40.61,2558.43
South,Gadget X,35,17.7,619.5
East,Widget D,93,38.98,3625.14
South,Gadget X,61,36.01,2196.61
West,Widget A,60,20.9,1254.0
Central,Gadget X,8,32.69,261.52
North,Gadget X,13,33.66,437.58
North,Gadget X,65,46.75,3038.75
Central,Widget D,62,46.33,2872.46
East,Gadget X,8,19.67,157.36
West,Widget A,22,46.88,1031.36
Central,Widget C,69,16.35,1128.15
Central,Widget C,43,12.56,540.08
North,Widget B,10,19.07,190.7
West,Widget D,13,13.48,175.24
West,Widget C,18,42.63,767.34
East,Widget A,79,25.97,2051.63
East,Widget B,46,34.38,1581.48
North,Widget D,34,13.71,466.14
North,Widget D,38,35.65,1354.7
East,Widget A,22,38.76,852.72
South,Widget B,28,45.68,1279.04
Central,Widget D,41,33.31,1365.71
East,Widget B,37,37.14,1374.18
South,Gadget X,79,11.26,889.54
East,Widget C,98,25.92,2540.16
Central,Widget B,56,34.06,1907.36
North,Widget D,73,34.16,2493.68
North,Gadget X,63,18.03,1135.89
North,Gadget X,74,22.08,1633.92
West,Widget B,85,41.47,3524.95
Central,Widget D,65,44.13,2868.45
North,Widget A,57,13.5,769.5
East,Widget B,5,16.29,81.45
East,Widget C,21,15.47,324.87
South,Widget A,18,32.63,587.34
South,Gadget X,38,37.2,1413.6
North,Gadget X,87,43.11,3750.57
West,Gadget X,51,21.24,1083.24
West,Widget C,83,10.8,896.4
Central,Widget B,17,30.2,513.4
East,Widget B,33,15.13,499.29
South,Widget C,100,46.39,4639.0
West,Widget B,60,22.8,1368.0
Central,Widget B,76,41.07,3121.32
West,Widget B,81,10.95,886.95
Central,Widget A,98,27.13,2658.74
South,Widget A,73,45.52,3322.96
North,Widget C,47,49.54,2328.38
West,Gadget X,92,12.97,1193.24
West,Gadget X,89,29.2,2598.8
South,Widget B,91,20.72,1885.52
West,Widget D,55,23.97,1318.35
South,Widget C,74,43.94,3251.56
South,Widget D,52,49.2,2558.4
Central,Widget C,19,44.64,848.16
West,Gadget X,77,47.26,3639.02
East,Widget A,5,40.86,204.3
South,Widget A,28,33.95,950.6
East,Gadget X,86,30.59,2630.74
East,Gadget X,11,31.51,346.61
North,Gadget X,32,38.52,1232.64
Central,Widget A,66,47.08,3107.28
South,Widget C,65,12.03,781.95
West,Widget C,86,10.78,927.08
South,Gadget X,60,27.19,1631.4
West,Widget A,15,23.47,352.05
South,Widget A,67,41.0,2747.0
East,Gadget X,72,27.17,1956.24
South,Widget B,75,45.46,3409.5
North,Widget A,69,22.38,1544.22
South,Widget C,9,32.86,295.74
West,Widget D,94,18.39,1728.66
North,Widget A,36,37.1,1335.6
Central,Widget C,31,26.3,815.3
East,Widget C,36,24.35,876.6
South,Widget A,28,23.58,660.24
East,Widget B,74,49.49,3662.26
South,Widget D,26,15.51,403.26
Central,Gadget X,10,33.3,333.0
Central,Widget D,56,12.95,725.2
West,Widget B,10,24.74,247.4
Central,Widget A,74,47.04,3480.96
Central,Widget D,42,26.69,1120.98
West,Widget D,99,45.76,4530.24
East,Gadget X,78,20.29,1582.62
East,Widget B,78,28.42,2216.76
West,Widget A,66,46.4,3062.4
North,Widget D,49,36.36,1781.64
Central,Widget B,79,49.46,3907.34
East,Widget B,62,16.21,1005.02
North,Widget C,33,20.61,680.13
East,Widget D,77,23.61,1817.97
West,Gadget X,19,47.32,899.08
East,Widget A,19,21.3,404.7
South,Gadget X,69,42.71,2946.99
Central,Gadget X,67,32.02,2145.34
Central,Gadget X,3,37.16,111.48
South,Widget A,77,16.95,1305.15
East,Widget B,38,12.75,484.5
Central,Widget D,96,35.14,3373.44
South,Widget B,84,41.54,3489.36
South,Widget B,24,17.94,430.56
East,Gadget X,23,12.38,284.74
South,Widget C,79,36.5,2883.5
East,Widget B,73,14.34,1046.82
North,Widget C,92,24.29,2234.68
North,Widget A,26,43.78,1138.28
East,Widget C,83,43.54,3613.82
West,Widget D,92,17.42,1602.64
West,Widget B,62,27.86,1727.32
Central,Widget B,92,16.17,1487.64
North,Gadget X,33,33.36,1100.88
West,Widget B,56,11.84,663.04
East,Widget C,19,21.62,410.78
South,Widget D,38,22.79,866.02
West,Gadget X,2,21.52,43.04
East,Widget D,5,24.59,122.95
Central,Widget D,85,34.87,2963.95
South,Widget B,43,22.4,963.2
East,Widget A,39,31.45,1226.55
South,Widget C,94,28.2,2650.8
Central,Widget A,54,18.59,1003.86
East,Gadget X,46,23.48,1080.08
Central,Widget B,94,44.66,4198.04
South,Widget A,1,39.57,39.57
South,Gadget X,26,45.03,1170.78
East,Gadget X,31,36.29,1124.99
South,Widget B,33,29.03,957.99
Central,Widget A,69,15.7,1083.3
Central,Widget C,10,42.29,422.9
West,Gadget X,75,35.6,2670.0
North,Widget D,77,28.86,2222.22
Central,Widget B,92,39.09,3596.28
Central,Widget D,41,26.76,1097.16
Central,Gadget X,90,47.41,4266.9
East,Widget A,67,17.12,1147.04
East,Widget C,79,45.76,3615.04
West,Widget A,11,19.15,210.65
North,Widget D,80,41.81,3344.8
North,Widget A,33,37.16,1226.28
Central,Gadget X,10,29.21,292.1
East,Widget D,24,11.5,276.0
Central,Widget B,59,30.44,1795.96
Central,Gadget X,12,27.67,332.04
Central,Widget D,63,24.62,1551.06
South,Widget C,13,17.11,222.43
Central,Gadget X,88,48.5,4268.0
South,Gadget X,80,27.76,2220.8
Central,Widget B,100,48.64,4864.0
Central,Gadget X,98,33.21,3254.58
East,Widget A,37,31.48,1164.76
East,Widget A,84,11.14,935.76
East,Gadget X,56,34.44,1928.64
North,Widget D,99,13.18,1304.82
West,Widget D,1,24.85,24.85
South,Widget A,97,22.67,2198.99
South,Widget C,98,40.63,3981.74
West,Widget D,93,22.05,2050.65
East,Widget A,73,29.4,2146.2
South,Widget A,91,10.3,937.3
West,Widget A,10,33.38,333.8
Central,Widget A,40,43.56,1742.4
Central,Widget B,61,35.79,2183.19
West,Widget B,9,11.75,105.75
West,Widget C,92,46.24,4254.08
North,Widget A,49,28.61,1401.89
North,Widget B,24,12.44,298.56
East,Widget D,73,42.35,3091.55
Central,Widget A,81,30.6,2478.6
South,Widget D,34,49.74,1691.16
South,Widget C,69,26.73,1844.37
Central,Gadget X,25,16.72,418.0
Central,Widget A,31,31.79,985.49
West,Widget A,76,30.54,2321.04
West,Widget C,77,44.81,3450.37
North,Gadget X,94,25.6,2406.4
North,Widget B,98,45.68,4476.64
North,Widget A,24,23.95,574.8
East,Widget D,35,26.63,932.05
West,Widget C,55,18.48,1016.4
South,Gadget X,9,41.16,370.44
South,Widget A,28,37.07,1037.96
North,Widget C,83,14.69,1219.27
South,Widget B,47,11.5,540.5
North,Widget A,54,48.14,2599.56
East,Widget D,94,29.24,2748.56
South,Widget C,100,33.92,3392.0
East,Widget C,4,18.07,72.28
South,Widget B,51,46.35,2363.85
South,Widget C,39,48.41,1887.99
North,Gadget X,86,26.31,2262.66
West,Gadget X,17,34.5,586.5
South,Widget C,48,35.38,1698.24
West,Gadget X,98,29.31,2872.38
East,Widget C,6,49.1,294.6
North,Widget B,99,37.48,3710.52
West,Widget A,67,48.77,3267.59
Central,Widget C,62,16.41,1017.42
North,Gadget X,31,20.64,639.84
South,Widget C,75,33.35,2501.25
North,Widget C,2,21.23,42.46
West,Widget C,11,26.2,288.2
Central,Widget A,59,25.54,1506.86
West,Gadget X,77,15.41,1186.57
North,Widget C,88,45.07,3966.16
Central,Widget D,70,48.56,3399.2
West,Widget D,91,40.79,3711.89
East,Widget D,57,23.56,1342.92
West,Widget C,15,29.58,443.7
North,Widget C,60,32.54,1952.4
Central,Widget A,83,20.54,1704.82
West,Widget C,53,39.32,2083.96
South,Widget B,76,23.18,1761.68
East,Widget A,100,10.53,1053.0
East,Gadget X,56,10.02,561.12
North,Widget A,29,19.74,572.46
North,Gadget X,80,47.39,3791.2
North,Gadget X,33,30.07,992.31
South,Widget A,51,22.7,1157.7
East,Widget A,64,40.38,2584.32
Central,Widget D,24,21.47,515.28
North,Widget A,25,31.6,790.0
East,Gadget X,29,29.26,848.54
West,Gadget X,14,39.41,551.74
South,Widget A,49,20.82,1020.18
Central,Widget C,100,43.92,4392.0
Central,Widget A,11,40.04,440.44
Central,Gadget X,7,29.48,206.36
South,Widget A,78,40.81,3183.18
Central,Widget B,92,46.22,4252.24
South,Widget A,16,24.81,396.96
Central,Widget B,43,47.24,2031.32
West,Gadget X,59,42.18,2488.62
North,Widget D,74,29.94,2215.56
Central,Widget C,90,36.23,3260.7
Central,Widget B,44,36.29,1596.76
South,Widget D,63,47.31,2980.53
North,Widget B,9,30.58,275.22
East,Widget B,6,40.54,243.24
Central,Widget B,37,40.01,1480.37
Central,Widget D,27,44.66,1205.82
South,Widget C,41,16.33,669.53
South,Widget B,93,30.87,2870.91
South,Gadget X,79,44.2,3491.8
North,Gadget X,3,40.83,122.49
West,Gadget X,53,34.53,1830.09
South,Widget D,98,17.3,1695.4
Central,Gadget X,17,30.59,520.03
South,Widget A,22,15.67,344.74
East,Widget A,67,16.1,1078.7
Central,Widget C,49,28.08,1375.92
West,Gadget X,74,14.53,1075.22
North,Widget B,12,38.47,461.64
South,Widget B,8,13.45,107.6
West,Gadget X,42,16.29,684.18
East,Widget C,67,47.69,3195.23
Central,Widget B,57,44.45,2533.65
East,Widget B,89,43.93,3909.77
West,Widget C,7,42.77,299.39
East,Gadget X,10,17.21,172.1
Central,Widget B,64,27.06,1731.84
Central,Gadget X,72,26.53,1910.16
North,Widget C,98,37.62,3686.76
South,Widget B,27,32.72,883.44
East,Gadget X,45,17.01,765.45
South,Widget D,87,36.82,3203.34
Central,Widget D,98,43.35,4248.3
South,Widget B,8,12.89,103.12
North,Widget C,82,48.5,3977.0
East,Widget C,29,35.7,1035.3
West,Gadget X,16,23.88,382.08
Central,Widget A,54,49.8,2689.2
North,Widget A,100,26.02,2602.0
West,Widget D,89,18.22,1621.58
South,Widget C,3,29.95,89.85
Central,Gadget X,13,22.65,294.45
East,Widget C,85,48.88,4154.8
West,Widget A,43,42.18,1813.74
South,Gadget X,48,39.45,1893.6
Central,Widget B,31,40.88,1267.28
South,Widget C,4,19.16,76.64
Central,Widget B,34,26.03,885.02
Central,Widget D,93,17.73,1648.89
South,Widget A,50,31.7,1585.0
East,Widget C,54,47.69,2575.26
East,Widget A,15,12.82,192.3
West,Widget B,100,32.21,3221.0
East,Widget B,48,16.62,797.76
East,Widget A,18,18.11,325.98
South,Widget C,72,15.22,1095.84
North,Widget B,47,40.59,1907.73
West,Widget A,54,28.2,1522.8
South,Widget C,43,43.97,1890.71
North,Widget C,6,44.51,267.06
East,Gadget X,89,44.57,3966.73
West,Widget D,46,19.65,903.9
South,Widget C,63,28.57,1799.91
West,Widget D,68,49.98,3398.64
Central,Widget B,66,48.18,3179.88
West,Widget B,61,27.89,1701.29
North,Widget D,13,40.96,532.48
North,Widget D,19,44.51,845.69
South,Widget D,55,44.32,2437.6
West,Widget B,22,10.05,221.1
South,Widget A,44,21.37,940.28
Central,Widget D,35,17.67,618.45
West,Widget D,38,48.27,1834.26
East,Widget C,1,24.93,24.93
South,Gadget X,62,10.99,681.38
South,Widget D,8,43.97,351.76
North,Widget D,35,37.6,1316.0
West,Widget D,81,10.62,860.22
East,Widget C,50,40.17,2008.5
Central,Widget A,73,38.23,2790.79
West,Gadget X,15,39.7,595.5
West,Widget B,7,12.35,86.45
South,Widget A,89,24.43,2174.27
East,Widget A,42,27.15,1140.3
Central,Widget A,78,28.45,2219.1
East,Widget A,33,28.82,951.06
North,Widget C,98,44.91,4401.18
East,Widget D,66,10.5,693.0
West,Gadget X,54,41.32,2231.28
West,Gadget X,41,12.78,523.98
South,Gadget X,38,44.1,1675.8
East,Widget D,47,23.99,1127.53
Central,Widget D,57,12.52,713.64
North,Gadget X,57,21.29,1213.53
North,Widget B,66,42.71,2818.86
West,Widget D,88,29.38,2585.44
Central,Gadget X,53,25.01,1325.53
North,Gadget X,1,46.2,46.2
West,Gadget X,14,39.38,551.32
North,Widget C,29,33.21,963.09
South,Widget C,89,18.64,1658.96
South,Widget D,30,40.71,1221.3
North,Widget B,71,18.17,1290.07
South,Widget D,30,23.88,716.4
East,Widget C,23,15.51,356.73
East,Gadget X,32,23.36,747.52
South,Widget C,98,24.43,2394.14
West,Widget A,100,34.13,3413.0
North,Widget B,76,49.48,3760.48
East,Widget A,69,46.61,3216.09
West,Widget C,52,42.05,2186.6
South,Widget A,53,28.98,1535.94
South,Gadget X,50,44.22,2211.0
East,Widget A,79,47.49,3751.71
South,Widget A,64,38.66,2474.24
South,Widget D,96,21.23,2038.08
East,Gadget X,94,41.55,3905.7
Central,Widget C,46,16.69,767.74
West,Widget C,19,10.95,208.05
North,Widget B,37,39.49,1461.13
North,Widget D,82,29.02,2379.64
West,Widget B,93,14.39,1338.27
North,Widget A,48,33.35,1600.8
South,Gadget X,42,31.67,1330.14
South,Gadget X,40,19.64,785.6
West,Widget B,83,30.01,2490.83
South,Widget B,100,32.68,3268.0
West,Widget A,17,34.79,591.43
East,Widget B,78,42.46,3311.88
North,Widget A,57,30.13,1717.41
East,Widget B,15,27.87,418.05
Central,Widget D,19,28.64,544.16
North,Widget A,78,33.95,2648.1
West,Widget B,14,10.68,149.52
North,Widget A,60,15.27,916.2
North,Widget D,55,29.61,1628.55
West,Widget C,68,48.79,3317.72
North,Widget C,45,10.52,473.4
South,Widget A,9,40.44,363.96
West,Widget A,71,22.2,1576.2
South,Widget A,81,46.16,3738.96
South,Widget D,94,30.02,2821.88
South,Widget C,42,18.12,761.04
Central,Gadget X,16,32.4,518.4
South,Gadget X,2,38.36,76.72
South,Widget A,48,35.42,1700.16
Central,Widget B,96,28.64,2749.44
North,Gadget X,3,19.06,57.18
South,Widget C,7,45.36,317.52
South,Widget D,37,22.04,815.48
Central,Gadget X,14,26.21,366.94
West,Widget D,30,39.81,1194.3
Central,Widget D,10,34.13,341.3
South,Gadget X,34,49.22,1673.48
Central,Widget A,70,41.44,2900.8
North,Widget A,11,46.64,513.04
South,Gadget X,10,49.39,493.9
Central,Widget A,29,43.42,1259.18
South,Gadget X,58,14.34,831.72
West,Widget B,89,23.66,2105.74
Central,Widget C,50,18.63,931.5
East,Widget B,40,44.79,1791.6
West,Widget D,19,10.84,205.96
West,Widget A,51,22.11,1127.61
South,Widget C,80,44.02,3521.6
North,Widget A,28,35.91,1005.48
West,Widget B,69,31.71,2187.99
Central,Widget A,45,33.46,1505.7
North,Widget A,16,32.2,515.2
East,Widget C,53,18.46,978.38
West,Widget B,46,45.1,2074.6
East,Widget D,60,34.36,2061.6
West,Gadget X,79,19.1,1508.9
West,Widget B,60,21.2,1272.0
West,Widget C,42,19.36,813.12
North,Widget A,19,10.75,204.25
South,Widget A,24,17.65,423.6
West,Widget A,91,25.17,2290.47
South,Widget D,53,22.33,1183.49
West,Widget A,89,34.36,3058.04
East,Widget C,71,44.17,3136.07
East,Widget C,55,33.7,1853.5
West,Widget A,78,14.39,1122.42
East,Gadget X,100,28.76,2876.0
East,Widget C,82,28.98,2376.36
East,Gadget X,46,20.14,926.44
East,Gadget X,73,18.52,1351.96
North,Widget B,74,40.57,3002.18
West,Widget A,27,48.7,1314.9
Central,Widget D,27,46.51,1255.77
West,Widget D,60,44.56,2673.6
North,Gadget X,96,33.95,3259.2
North,Gadget X,61,33.83,2063.63
East,Gadget X,22,30.38,668.36
Central,Widget D,1,34.08,34.08
West,Widget C,31,19.08,591.48
West,Widget B,77,38.0,2926.0
South,Widget C,67,16.01,1072.67
Central,Widget C,86,27.49,2364.14
North,Widget D,24,40.25,966.0
East,Widget D,25,38.54,963.5
South,Widget C,71,23.39,1660.69
West,Widget C,82,45.13,3700.66
South,Widget D,48,19.45,933.6
North,Widget A,86,12.51,1075.86
North,Widget C,64,37.57,2404.48
Central,Widget C,57,33.09,1886.13
North,Widget D,58,20.85,1209.3
South,Widget A,35,39.76,1391.6
West,Widget B,40,38.9,1556.0
West,Widget D,10,43.15,431.5
West,Widget B,18,11.27,202.86
North,Widget C,100,15.0,1500.0
South,Widget B,5,39.01,195.05
East,Widget A,23,46.11,1060.53
East,Widget A,34,46.84,1592.56
North,Widget D,88,46.05,4052.4
North,Widget A,98,22.55,2209.9
East,Widget D,94,19.07,1792.58
South,Widget A,59,35.37,2086.83
Central,Widget B,9,42.16,379.44
West,Gadget X,4,40.79,163.16
South,Widget D,66,39.05,2577.3
North,Widget C,33,12.58,415.14
North,Widget A,14,19.61,274.54
East,Widget B,71,41.61,2954.31
North,Gadget X,20,44.63,892.6
North,Widget C,27,38.95,1051.65
South,Widget A,92,49.1,4517.2
West,Widget C,59,29.67,1750.53
Central,Widget C,99,45.36,4490.64
West,Gadget X,32,13.47,431.04
Central,Widget C,4,41.61,166.44
South,Widget C,3,34.7,104.1
West,Widget D,12,34.13,409.56
South,Widget A,76,25.47,1935.72
South,Widget C,86,16.88,1451.68
East,Gadget X,28,45.66,1278.48
West,Gadget X,59,34.53,2037.27
West,Widget A,69,39.55,2728.95
West,Gadget X,15,22.81,342.15
North,Gadget X,63,13.4,844.2
North,Widget C,63,29.76,1874.88
Central,Gadget X,11,29.72,326.92
West,Gadget X,15,30.23,453.45
North,Widget C,95,41.22,3915.9
South,Widget D,56,49.18,2754.08
South,Widget A,91,35.14,3197.74
Central,Gadget X,36,20.89,752.04
South,Gadget X,40,30.9,1236.0
Central,Widget A,27,10.21,275.67
East,Widget B,58,39.14,2270.12
North,Gadget X,28,28.07,785.96
East,Widget B,89,12.44,1107.16
North,Widget B,8,48.1,384.8
Central,Widget A,13,44.98,584.74
East,Widget C,42,19.38,813.96
Central,Gadget X,13,46.53,604.89
East,Widget D,28,44.07,1233.96
West,Gadget X,43,38.5,1655.5
North,Widget B,33,40.36,1331.88
West,Gadget X,57,12.37,705.09
West,Widget C,61,37.06,2260.66
Central,Gadget X,57,35.28,2010.96
Central,Gadget X,12,44.16,529.92
North,Widget A,72,45.98,3310.56
West,Widget C,19,48.34,918.46
Central,Widget B,98,21.74,2130.52
West,Widget B,34,26.68,907.12
South,Gadget X,68,32.0,2176.0
East,Widget D,14,29.81,417.34
South,Widget A,95,46.65,4431.75
East,Widget D,43,47.21,2030.03
North,Widget C,19,14.63,277.97
West,Widget B,45,22.46,1010.7
Central,Widget D,94,39.17,3681.98
East,Widget B,28,12.27,343.56
Central,Widget C,96,39.41,3783.36
North,Widget C,96,42.28,4058.88
North,Widget C,81,48.37,3917.97
North,Gadget X,18,20.6,370.8
East,Widget C,67,13.74,920.58
North,Widget C,100,13.57,1357.0
East,Widget A,74,42.92,3176.08
Central,Widget C,6,11.81,70.86
Central,Gadget X,88,48.28,4248.64
West,Gadget X,27,45.0,1215.0
West,Gadget X,74,49.91,3693.34
West,Widget B,100,46.49,4649.0
North,Gadget X,93,31.66,2944.38
East,Widget C,83,29.89,2480.87
South,Gadget X,18,17.27,310.86
Central,Gadget X,45,41.32,1859.4
West,Widget D,37,23.81,880.97
Central,Widget C,2,46.89,93.78
South,Widget D,80,23.33,1866.4
Central,Widget C,65,35.3,2294.5
Central,Widget C,73,11.09,809.57
North,Widget D,67,31.78,2129.26
West,Widget B,72,29.28,2108.16
North,Widget A,45,18.77,844.65
West,Widget C,49,10.45,512.05
North,Widget C,95,30.98,2943.1
West,Gadget X,18,17.83,320.94
North,Gadget X,73,44.56,3252.88
South,Widget B,48,36.68,1760.64
West,Widget A,48,34.79,1669.92
North,Gadget X,68,49.09,3338.12
South,Gadget X,58,12.96,751.68
South,Gadget X,53,13.71,726.63
South,Gadget X,34,35.88,1219.92
North,Widget C,26,28.6,743.6
North,Gadget X,87,31.56,2745.72
West,Gadget X,100,45.34,4534.0
South,Widget C,85,25.21,2142.85
West,Widget C,4,40.24,160.96
East,Widget B,55,17.31,952.05
North,Gadget X,80,45.43,3634.4
Central,Widget B,90,11.01,990.9
South,Widget B,57,40.56,2311.92
South,Widget D,64,37.09,2373.76
Central,Widget D,22,27.0,594.0
Central,Widget C,95,14.49,1376.55
West,Widget A,77,19.22,1479.94
Central,Widget D,6,15.72,94.32
South,Widget B,99,47.48,4700.52
North,Widget C,55,11.3,621.5
East,Widget C,15,39.3,589.5
West,Widget A,86,16.94,1456.84
Central,Gadget X,29,18.21,528.09
East,Widget B,93,38.72,3600.96
North,Widget A,40,24.82,992.8
North,Widget A,51,22.65,1155.15
East,Widget D,32,31.07,994.24
West,Widget C,20,28.51,570.2
Central,Widget A,57,42.31,2411.67
South,Widget A,32,22.6,723.2
West,Widget B,60,19.29,1157.4
West,Widget A,6,20.08,120.48
South,Widget C,79,39.97,3157.63
West,Widget D,49,49.5,2425.5
West,Gadget X,57,17.61,1003.77
East,Widget A,29,17.16,497.64
East,Widget C,35,47.22,1652.7
South,Gadget X,16,20.93,334.88
South,Widget B,53,18.11,959.83
East,Widget A,81,14.22,1151.82
South,Widget C,2,11.59,23.18
South,Widget D,12,40.19,482.28
North,Widget B,82,28.61,2346.02
East,Widget D,90,13.61,1224.9
Central,Widget A,28,36.61,1025.08
North,Widget A,89,35.46,3155.94
West,Gadget X,39,19.11,745.29
South,Widget D,57,19.59,1116.63
Central,Widget B,64,27.94,1788.16
North,Widget A,57,34.7,1977.9
Central,Widget C,18,22.36,402.48
West,Widget C,56,37.04,2074.24
South,Gadget X,84,38.31,3218.04
North,Widget A,74,30.12,2228.88
South,Gadget X,2,46.69,93.38
East,Widget D,76,12.11,920.36
East,Widget D,71,15.48,1099.08
East,Widget C,3,39.52,118.56
West,Widget C,35,21.81,763.35
South,Widget D,7,33.82,236.74
West,Widget A,19,42.3,803.7
East,Widget B,66,17.5,1155.0
South,Widget B,81,26.48,2144.88
South,Widget D,71,43.99,3123.29
West,Gadget X,37,34.87,1290.19
North,Widget D,28,12.2,341.6
South,Widget C,70,20.88,1461.6
Central,Widget D,97,44.08,4275.76
Central,Widget D,17,46.13,784.21
North,Widget D,7,35.53,248.71
South,Gadget X,8,44.43,355.44
West,Widget C,50,44.92,2246.0
South,Widget A,93,15.02,1396.86
West,Widget C,3,32.6,97.8
Central,Widget C,6,23.61,141.66
Central,Widget C,83,17.31,1436.73
Central,Gadget X,6,19.84,119.04
East,Widget D,3,40.56,121.68
Central,Widget A,5,16.06,80.3
West,Widget C,46,43.4,1996.4
North,Gadget X,15,27.23,408.45
North,Widget C,50,49.53,2476.5
East,Gadget X,10,22.3,223.0
South,Widget B,84,32.0,2688.0
Central,Gadget X,83,41.59,3451.97
East,Widget B,51,48.68,2482.68
North,Widget D,1,17.61,17.61
East,Gadget X,81,39.58,3205.98
Central,Widget B,37,38.0,1406.0
Central,Widget A,28,20.39,570.92
Central,Gadget X,2,39.39,78.78
Central,Widget C,51,13.05,665.55
Central,Widget D,92,46.58,4285.36
East,Widget C,54,39.07,2109.78
Central,Gadget X,69,45.77,3158.13
East,Widget C,50,21.97,1098.5
West,Widget D,93,33.18,3085.74
West,Gadget X,30,17.1,513.0
South,Gadget X,25,18.67,466.75
Central,Widget C,10,20.22,202.2
West,Widget C,75,41.81,3135.75
East,Widget B,89,37.14,3305.46
East,Gadget X,20,10.14,202.8
East,Widget D,59,16.7,985.3
West,Widget B,91,28.98,2637.18
West,Gadget X,49,42.92,2103.08
Central,Widget B,2,39.79,79.58
North,Gadget X,15,32.92,493.8
South,Widget B,85,28.17,2394.45
Central,Widget B,68,34.32,2333.76
Central,Gadget X,23,42.61,980.03
Central,Widget C,94,16.08,1511.52
West,Gadget X,52,43.96,2285.92
West,Widget D,58,40.24,2333.92
South,Gadget X,57,13.17,750.69
North,Widget A,63,28.45,1792.35
South,Widget C,61,38.67,2358.87
North,Gadget X,86,40.62,3493.32
East,Widget C,83,32.3,2680.9
Central,Widget A,99,27.11,2683.89
North,Widget C,79,45.64,3605.56
East,Widget C,21,24.2,508.2
North,Widget D,11,13.12,144.32
Central,Widget B,42,12.12,509.04
North,Widget B,51,24.81,1265.31
North,Widget B,11,31.63,347.93
South,Widget A,91,19.74,1796.34
North,Widget A,35,23.69,829.15
West,Widget B,29,30.44,882.76
Central,Gadget X,80,43.97,3517.6
West,Widget B,46,28.95,1331.7
Central,Gadget X,13,41.46,538.98
North,Widget B,26,48.55,1262.3
Central,Gadget X,64,15.03,961.92
West,Widget B,29,31.49,913.21
East,Widget A,4,34.43,137.72
North,Gadget X,82,26.8,2197.6
North,Gadget X,51,32.49,1656.99
North,Widget C,42,18.91,794.22
South,Widget A,54,35.85,1935.9
North,Widget C,8,44.07,352.56
East,Widget B,36,18.97,682.92
North,Gadget X,18,18.77,337.86
West,Gadget X,43,38.57,1658.51
South,Widget B,33,37.73,1245.09
Central,Widget A,32,11.63,372.16
West,Gadget X,38,29.12,1106.56
South,Widget C,91,23.79,2164.89
South,Widget A,16,33.31,532.96
North,Widget A,74,20.24,1497.76
Central,Widget B,71,11.23,797.33
South,Widget B,10,12.72,127.2
West,Widget A,8,44.45,355.6
West,Widget A,45,47.93,2156.85
Central,Widget C,87,27.04,2352.48
East,Widget B,30,40.39,1211.7
West,Gadget X,39,20.07,782.73
West,Widget D,61,16.56,1010.16
East,Gadget X,31,19.7,610.7
Central,Widget A,25,41.89,1047.25
West,Gadget X,51,37.11,1892.61
Central,Widget A,41,23.5,963.5
North,Widget A,27,16.93,457.11
South,Widget D,11,48.46,533.06
East,Widget D,19,15.55,295.45
East,Widget A,38,14.3,543.4
North,Widget B,31,16.04,497.24
North,Gadget X,1,25.59,25.59
North,Widget C,30,20.48,614.4
North,Widget C,27,33.48,903.96
South,Widget C,91,13.29,1209.39
West,Widget B,89,28.0,2492.0
South,Widget A,18,34.39,619.02
South,Gadget X,32,16.73,535.36
North,Gadget X,96,24.11,2314.56
Central,Gadget X,55,49.65,2730.75
Central,Widget C,3,29.25,87.75
South,Widget D,46,22.76,1046.96
South,Widget B,35,23.85,834.75
South,Gadget X,36,21.87,787.32
South,Widget B,69,20.54,1417.26
South,Widget C,43,27.86,1197.98
West,Widget B,36,42.85,1542.6
West,Widget D,97,11.51,1116.47
South,Widget C,19,41.16,782.04
South,Widget A,18,39.68,714.24
East,Gadget X,76,22.69,1724.44
East,Widget B,43,35.81,1539.83
East,Widget D,14,26.15,366.1
Central,Widget B,18,41.15,740.7
South,Gadget X,17,42.92,729.64
North,Widget C,99,31.5,3118.5
East,Widget B,33,26.14,862.62
East,Widget D,59,22.25,1312.75
North,Widget D,35,34.79,1217.65
South,Widget A,18,21.91,394.38
Central,Gadget X,88,14.66,1290.08
South,Gadget X,54,32.88,1775.52
East,Gadget X,66,15.45,1019.7
West,Widget D,83,27.12,2250.96
South,Widget D,49,49.3,2415.7
Central,Gadget X,63,21.63,1362.69
North,Widget D,62,17.38,1077.56
East,Widget A,43,17.36,746.48
South,Gadget X,82,10.2,836.4
West,Widget A,38,28.85,1096.3
West,Gadget X,33,42.75,1410.75
South,Gadget X,91,48.03,4370.73
East,Gadget X,4,49.22,196.88
North,Widget B,82,49.42,4052.44
Central,Widget A,77,48.13,3706.01
Central,Widget B,5,32.76,163.8
Central,Widget D,70,35.5,2485.0
North,Widget B,46,41.4,1904.4
North,Widget B,80,10.59,847.2
East,Widget C,51,13.32,679.32
North,Widget C,70,38.55,2698.5
North,Widget A,25,14.5,362.5
East,Widget C,70,45.07,3154.9
South,Widget B,78,22.85,1782.3
West,Widget C,26,20.11,522.86
West,Widget B,40,25.33,1013.2
North,Widget D,20,30.77,615.4
South,Widget C,13,48.42,629.46
North,Widget A,73,12.04,878.92
West,Widget D,82,36.27,2974.14
East,Widget A,72,32.42,2334.24
West,Widget C,30,16.18,485.4
South,Widget A,77,47.58,3663.66
West,Widget B,80,40.2,3216.0
East,Gadget X,38,16.87,641.06
North,Gadget X,33,15.29,504.57
South,Widget B,3,41.14,123.42
West,Widget D,87,34.64,3013.68
South,Widget A,68,34.15,2322.2
South,Gadget X,93,46.58,4331.94
West,Widget B,42,13.66,573.72
South,Widget C,48,15.06,722.88
Central,Widget A,40,23.23,929.2
South,Gadget X,4,10.89,43.56
South,Widget B,64,32.5,2080.0
West,Widget B,33,34.99,1154.67
West,Widget D,32,10.87,347.84
East,Gadget X,53,46.91,2486.23
Central,Widget A,83,35.39,2937.37
Central,Widget D,96,10.44,1002.24
South,Gadget X,29,36.7,1064.3
East,Widget B,16,20.04,320.64
Central,Widget B,83,45.45,3772.35
West,Widget D,27,39.48,1065.96
West,Gadget X,35,18.84,659.4
North,Widget C,74,12.96,959.04
Central,Widget A,34,40.16,1365.44
South,Widget A,19,42.06,799.14
North,Gadget X,83,12.47,1035.01
North,Widget A,58,48.63,2820.54
South,Widget A,1,39.83,39.83
North,Widget C,58,43.73,2536.34
West,Widget D,87,40.3,3506.1
Central,Gadget X,3,18.59,55.77
East,Widget C,38,36.14,1373.32
East,Gadget X,87,26.08,2268.96
North,Widget D,98,12.79,1253.42
West,Widget D,52,38.27,1990.04
South,Widget D,96,49.96,4796.16
West,Gadget X,92,45.74,4208.08
South,Widget A,1,31.01,31.01
North,Gadget X,5,34.56,172.8
West,Gadget X,93,33.59,3123.87
North,Gadget X,93,26.82,2494.26
Central,Widget A,74,16.79,1242.46
South,Gadget X,8,23.18,185.44
Central,Widget B,92,15.16,1394.72
North,Widget D,13,26.95,350.35
North,Widget B,30,39.56,1186.8
West,Widget A,21,11.44,240.24
East,Widget C,69,28.37,1957.53
East,Gadget X,63,29.11,1833.93
Central,Widget A,99,16.18,1601.82
Central,Widget C,2,44.1,88.2
North,Widget A,25,30.84,771.0
West,Widget A,100,14.39,1439.0
East,Gadget X,99,22.13,2190.87
East,Widget B,44,42.74,1880.56
East,Widget C,34,32.87,1117.58
North,Widget C,32,19.76,632.32
North,Widget C,82,39.06,3202.92
North,Gadget X,25,17.73,443.25
East,Gadget X,59,41.55,2451.45
South,Gadget X,30,42.13,1263.9
North,Widget D,81,11.42,925.02
Central,Widget D,24,15.21,365.04
West,Widget B,100,40.42,4042.0
East,Widget D,100,13.66,1366.0
North,Widget C,64,44.95,2876.8
West,Widget A,63,44.08,2777.04
West,Gadget X,89,21.66,1927.74
West,Widget D,44,31.72,1395.68
West,Widget B,26,12.34,320.84
Central,Widget A,93,49.17,4572.81
North,Widget C,86,39.37,3385.82
North,Widget A,3,37.7,113.1
North,Gadget X,63,23.77,1497.51
East,Gadget X,72,42.87,3086.64
Central,Widget A,21,39.33,825.93
Central,Gadget X,78,30.07,2345.46
South,Widget D,52,25.41,1321.32
South,Widget D,94,21.52,2022.88
South,Widget B,99,36.9,3653.1
South,Gadget X,79,31.27,2470.33
Central,Gadget X,16,19.55,312.8
North,Widget B,23,47.2,1085.6
East,Widget C,63,40.69,2563.47
West,Widget D,81,36.67,2970.27
East,Widget C,70,44.84,3138.8
Central,Widget D,93,29.28,2723.04
East,Gadget X,98,36.04,3531.92
South,Gadget X,45,22.64,1018.8
West,Widget C,61,22.93,1398.73
North,Widget B,56,36.0,2016.0
East,Widget A,68,10.09,686.12
North,Widget C,93,37.72,3507.96
Central,Widget B,6,43.07,258.42
North,Widget D,81,41.48,3359.88
South,Widget D,100,12.28,1228.0
South,Widget C,88,29.46,2592.48
West,Widget C,64,20.91,1338.24
Central,Widget D,65,45.15,2934.75
South,Gadget X,31,46.19,1431.89
North,Widget A,75,25.67,1925.25
North,Widget A,12,46.58,558.96
South,Gadget X,24,23.3,559.2
North,Widget C,39,10.8,421.2
North,Widget C,23,36.29,834.67
Central,Widget A,68,30.17,2051.56
Central,Widget B,71,22.01,1562.71
North,Gadget X,55,24.19,1330.45
North,Widget B,25,18.29,457.25
South,Gadget X,7,14.99,104.93
South,Widget B,2,10.77,21.54
Central,Widget D,54,28.6,1544.4
West,Widget C,28,12.57,351.96
East,Widget C,99,35.56,3520.44
Central,Widget D,36,12.44,447.84
East,Widget A,62,15.57,965.34
West,Widget C,50,13.74,687.0
South,Widget A,84,24.22,2034.48
East,Gadget X,94,18.85,1771.9
West,Widget D,93,12.98,1207.14
South,Widget D,9,37.5,337.5
West,Widget C,45,24.38,1097.1
West,Widget A,77,35.71,2749.67
North,Widget B,63,18.28,1151.64
East,Widget A,53,43.28,2293.84
North,Widget B,18,23.38,420.84
East,Widget C,99,30.88,3057.12
West,Widget A,17,47.1,800.7
Central,Widget D,15,16.78,251.7
Central,Widget A,34,28.06,954.04
West,Gadget X,81,17.47,1415.07
North,Gadget X,75,41.96,3147.0
Central,Widget C,53,44.55,2361.15
North,Gadget X,5,10.47,52.35
West,Widget C,30,24.81,744.3
Central,Gadget X,82,30.21,2477.22
Central,Widget C,17,26.49,450.33
South,Gadget X,10,18.72,187.2
East,Widget B,93,49.67,4619.31
South,Gadget X,75,41.86,3139.5
Central,Widget B,50,10.02,501.0
East,Widget C,57,35.97,2050.29
East,Widget B,80,16.89,1351.2
East,Widget B,10,29.77,297.7
North,Gadget X,37,45.13,1669.81
West,Widget C,84,22.23,1867.32
Central,Widget D,16,31.21,499.36
East,Widget C,85,43.0,3655.0
Central,Gadget X,25,23.08,577.0
South,Gadget X,46,18.33,843.18
East,Widget C,37,12.05,445.85
East,Gadget X,67,41.6,2787.2
West,Gadget X,14,14.35,200.9
South,Gadget X,82,39.07,3203.74
East,Widget D,70,15.59,1091.3
West,Widget C,62,24.7,1531.4
South,Widget D,14,16.41,229.74
West,Widget C,35,31.93,1117.55
East,Widget D,65,47.16,3065.4
West,Widget C,10,21.82,218.2
Central,Widget B,23,15.55,357.65
South,Widget A,67,45.44,3044.48
Central,Gadget X,64,11.9,761.6
East,Widget A,47,46.1,2166.7
South,Widget C,7,24.94,174.58
West,Widget B,62,33.8,2095.6
South,Widget A,51,26.78,1365.78
Central,Widget A,45,17.06,767.7
East,Widget C,85,38.93,3309.05
West,Widget A,47,11.71,550.37
Central,Widget B,16,15.15,242.4
Central,Widget D,73,31.46,2296.58
West,Widget A,21,18.23,382.83
Central,Widget B,34,11.42,388.28
West,Widget A,19,16.18,307.42
South,Widget A,27,17.99,485.73
North,Widget A,42,40.06,1682.52
East,Gadget X,13,13.46,174.98
Central,Widget A,94,28.95,2721.3
West,Widget A,51,43.46,2216.46
East,Gadget X,17,32.19,547.23
South,Gadget X,73,23.01,1679.73
East,Widget D,34,29.65,1008.1
West,Widget A,99,19.48,1928.52
West,Widget B,68,16.44,1117.92
East,Widget B,85,23.6,2006.0
South,Widget A,42,11.0,462.0
South,Gadget X,53,35.22,1866.66
West,Gadget X,81,45.09,3652.29
West,Widget A,20,33.36,667.2
North,Widget C,21,22.84,479.64
North,Gadget X,3,46.98,140.94
West,Widget B,65,21.78,1415.7
West,Gadget X,13,11.76,152.88
Central,Widget A,44,23.25,1023.0
Central,Widget D,13,29.66,385.58
Central,Widget D,46,25.58,1176.68
East,Widget C,68,20.97,1425.96
West,Widget A,89,35.95,3199.55
North,Widget D,37,32.85,1215.45
North,Widget B,20,13.33,266.6
Central,Widget B,28,11.62,325.36
East,Widget D,95,30.98,2943.1
South,Widget B,59,16.4,967.6
West,Widget D,59,20.77,1225.43
South,Widget B,90,13.06,1175.4
South,Widget C,40,34.63,1385.2
North,Widget C,12,20.99,251.88
East,Widget C,97,19.68,1908.96
North,Widget B,16,16.09,257.44
South,Widget B,95,38.87,3692.65
East,Widget B,82,46.27,3794.14
South,Gadget X,76,48.49,3685.24
South,Widget D,62,35.66,2210.92
West,Widget D,34,46.34,1575.56
Central,Gadget X,61,23.52,1434.72
West,Widget C,35,40.15,1405.25
Central,Widget A,23,13.45,309.35
North,Widget B,43,22.49,967.07
East,Widget C,27,17.12,462.24
North,Widget B,65,15.12,982.8
North,Widget A,68,49.88,3391.84
West,Widget C,42,48.9,2053.8
East,Gadget X,52,33.19,1725.88
Central,Widget B,34,38.55,1310.7
Central,Widget A,25,26.52,663.0
North,Gadget X,60,36.41,2184.6
East,Widget B,18,15.03,270.54
East,Gadget X,64,15.34,981.76
West,Widget A,13,18.76,243.88
West,Widget B,7,24.72,173.04
Central,Widget C,8,15.66,125.28
East,Widget B,81,32.24,2611.44
North,Widget B,64,32.74,2095.36
West,Widget A,79,44.53,3517.87
West,Widget B,89,12.44,1107.16
West,Widget A,14,41.97,587.58
North,Widget A,61,45.07,2749.27
South,Widget A,54,20.9,1128.6
South,Widget B,87,21.83,1899.21
Central,Widget B,46,12.43,571.78
West,Widget A,79,30.6,2417.4
Central,Widget A,90,33.29,2996.1
East,Widget A,30,15.08,452.4
East,Widget C,94,36.29,3411.26
Central,Gadget X,6,36.1,216.6
West,Widget B,91,46.23,4206.93
Central,Widget C,47,41.52,1951.44
West,Widget A,89,26.92,2395.88
East,Widget D,54,43.26,2336.04
North,Widget C,34,26.57,903.38
South,Widget C,11,35.32,388.52
Central,Widget D,57,12.88,734.16
West,Gadget X,70,20.96,1467.2
East,Widget D,90,11.0,990.0
Central,Widget C,49,12.72,623.28
South,Widget A,38,30.12,1144.56
North,Widget A,27,47.06,1270.62
East,Widget B,55,24.06,1323.3
North,Widget A,68,29.3,1992.4
West,Widget C,59,30.94,1825.46
South,Widget D,84,34.34,2884.56
East,Widget B,52,42.79,2225.08
West,Widget C,99,16.36,1619.64
Central,Gadget X,62,31.92,1979.04
North,Gadget X,78,34.06,2656.68
East,Widget A,54,35.2,1900.8
South,Widget A,14,35.22,493.08
North,Widget A,66,48.77,3218.82
East,Widget D,86,13.22,1136.92
South,Gadget X,87,37.29,3244.23
East,Widget B,98,26.52,2598.96
East,Gadget X,3,47.88,143.64
South,Widget D,61,22.48,1371.28
West,Widget D,93,30.27,2815.11
Central,Widget D,81,43.15,3495.15
South,Widget D,18,22.6,406.8
Central,Widget C,70,48.14,3369.8
East,Widget B,32,40.1,1283.2
North,Gadget X,15,37.3,559.5
South,Widget A,56,18.58,1040.48
South,Widget D,83,19.74,1638.42
Central,Widget C,2,29.94,59.88
Central,Widget C,63,10.95,689.85
South,Widget A,7,10.26,71.82
South,Gadget X,34,23.73,806.82
East,Widget C,3,28.55,85.65
North,Widget A,34,12.08,410.72
East,Widget A,99,28.93,2864.07
North,Widget C,13,37.0,481.0
East,Widget A,86,42.09,3619.74
Central,Widget A,51,25.18,1284.18
South,Widget D,84,38.31,3218.04
North,Widget D,67,26.78,1794.26
East,Widget B,82,16.61,1362.02
South,Widget A,77,49.22,3789.94
North,Gadget X,55,34.77,1912.35
North,Widget C,98,31.73,3109.54
West,Widget C,16,11.03,176.48
North,Widget B,42,21.71,911.82
North,Widget D,55,23.42,1288.1
East,Widget A,50,45.68,2284.0
North,Widget B,32,21.67,693.44
North,Widget A,62,44.88,2782.56
West,Widget D,7,11.38,79.66
North,Widget D,9,11.13,100.17
South,Widget A,48,48.97,2350.56
North,Widget A,31,21.89,678.59
South,Widget D,59,48.26,2847.34
East,Gadget X,88,16.45,1447.6
East,Widget D,6,29.87,179.22
South,Gadget X,38,48.42,1839.96
Central,Widget A,22,31.95,702.9
South,Widget C,95,36.62,3478.9
South,Gadget X,80,22.51,1800.8
Central,Widget C,34,34.73,1180.82
East,Gadget X,65,47.16,3065.4
North,Widget D,97,44.61,4327.17
West,Widget D,47,26.51,1245.97
North,Widget D,33,16.32,538.56
North,Widget B,82,49.48,4057.36
North,Widget C,36,44.87,1615.32
West,Gadget X,14,28.75,402.5
North,Widget D,13,46.7,607.1
South,Widget B,11,22.12,243.32
South,Gadget X,55,27.23,1497.65
West,Widget A,1,13.63,13.63
Central,Widget A,16,18.23,291.68
North,Widget A,62,17.52,1086.24
South,Widget C,26,18.4,478.4
East,Widget A,34,40.05,1361.7
East,Widget C,74,10.52,778.48
West,Gadget X,58,33.11,1920.38
Central,Widget D,49,33.42,1637.58
Central,Widget D,60,18.69,1121.4
West,Gadget X,71,25.66,1821.86
West,Widget C,79,24.6,1943.4
Central,Widget D,77,19.01,1463.77
Central,Widget A,43,47.24,2031.32
East,Widget C,51,15.3,780.3
Central,Widget A,10,18.02,180.2
North,Widget D,66,41.98,2770.68
Central,Widget D,69,40.01,2760.69
Central,Widget C,86,43.28,3722.08
North,Widget C,23,49.66,1142.18
South,Gadget X,55,17.61,968.55
East,Widget C,16,19.76,316.16
South,Widget A,50,25.41,1270.5
West,Widget B,85,44.27,3762.95
Central,Gadget X,98,15.76,1544.48
Central,Widget B,1,25.65,25.65
South,Gadget X,72,38.06,2740.32
East,Widget C,66,33.23,2193.18
West,Widget A,15,28.0,420.0
West,Widget A,25,13.56,339.0
South,Gadget X,88,36.7,3229.6
Central,Gadget X,79,21.68,1712.72
South,Widget B,6,49.96,299.76
South,Widget B,79,24.83,1961.57
North,Gadget X,69,12.4,855.6
North,Widget A,72,37.14,2674.08
West,Widget B,55,47.78,2627.9
West,Gadget X,51,11.1,566.1
West,Widget A,99,37.12,3674.88
South,Widget B,76,29.81,2265.56
South,Widget C,2,35.68,71.36
Central,Widget B,25,15.93,398.25
North,Widget C,52,30.3,1575.6
Central,Widget B,82,38.47,3154.54
North,Widget D,41,34.78,1425.98
West,Widget C,48,36.17,1736.16
West,Widget A,41,35.56,1457.96
West,Widget C,20,22.71,454.2
North,Widget B,80,36.71,2936.8
Central,Gadget X,31,41.22,1277.82
Central,Widget A,71,21.16,1502.36
North,Gadget X,39,48.56,1893.84
South,Widget C,10,47.67,476.7
North,Gadget X,35,45.6,1596.0
East,Gadget X,26,12.98,337.48
Central,Widget D,35,29.59,1035.65
Central,Widget B,23,46.0,1058.0
Central,Gadget X,38,27.77,1055.26
North,Widget A,40,31.7,1268.0
South,Widget D,21,13.47,282.87
South,Widget B,80,39.15,3132.0
South,Gadget X,27,21.6,583.2
North,Widget D,33,35.5,1171.5
North,Widget A,67,27.3,1829.1
North,Gadget X,24,47.9,1149.6
South,Widget D,85,43.94,3734.9
South,Widget A,16,32.69,523.04
East,Widget B,25,17.53,438.25
South,Widget D,99,19.03,1883.97
South,Widget D,48,37.01,1776.48
West,Widget B,35,43.0,1505.0
West,Gadget X,54,19.33,1043.82
South,Widget D,52,23.1,1201.2
West,Widget B,9,10.96,98.64
East,Widget D,7,14.13,98.91
West,Widget D,30,10.44,313.2
North,Widget B,11,31.29,344.19
North,Widget B,12,30.08,360.96
South,Widget D,11,13.94,153.34
South,Gadget X,37,44.28,1638.36
South,Widget A,18,11.29,203.22
South,Widget B,96,31.31,3005.76
West,Gadget X,80,43.95,3516.0
South,Widget D,86,17.37,1493.82
West,Widget D,26,30.01,780.26
Central,Gadget X,68,44.72,3040.96
Central,Widget B,49,40.31,1975.19
Central,Gadget X,85,46.84,3981.4
Central,Widget D,42,47.07,1976.94
South,Widget C,63,45.77,2883.51
West,Widget D,81,10.81,875.61
West,Gadget X,43,27.18,1168.74
Central,Gadget X,86,32.68,2810.48
South,Widget B,31,48.49,1503.19
West,Widget D,48,38.53,1849.44
South,Widget A,6,39.95,239.7
North,Widget B,83,18.97,1574.51
North,Widget C,90,33.43,3008.7
North,Widget C,22,36.19,796.18
Central,Widget B,26,24.51,637.26
West,Widget D,75,12.79,959.25
Central,Gadget X,49,42.68,2091.32
West,Widget D,89,26.97,2400.33
South,Widget D,22,12.29,270.38
East,Widget A,9,27.41,246.69
East,Widget A,13,17.91,232.83
West,Widget C,82,24.39,1999.98
North,Widget C,21,49.2,1033.2
East,Widget B,69,14.28,985.32
East,Widget A,42,16.45,690.9
South,Widget B,74,22.59,1671.66
West,Widget B,24,38.82,931.68
North,Gadget X,32,12.29,393.28
Central,Widget D,63,48.55,3058.65
East,Widget A,89,47.39,4217.71
South,Widget A,71,35.28,2504.88
South,Widget A,25,47.84,1196.0
East,Widget D,46,10.46,481.16
North,Widget D,62,38.13,2364.06
South,Widget C,94,17.66,1660.04
Central,Widget D,63,45.33,2855.79
East,Widget A,18,45.85,825.3
Central,Widget A,99,10.42,1031.58
North,Widget B,47,41.39,1945.33
East,Widget C,71,34.96,2482.16
West,Gadget X,27,23.25,627.75
East,Widget B,19,40.26,764.94
South,Widget A,58,36.21,2100.18
West,Gadget X,29,21.14,613.06
Central,Widget B,72,36.95,2660.4
Central,Gadget X,52,34.79,1809.08
West,Widget D,27,31.59,852.93
South,Widget D,64,24.83,1589.12
South,Widget C,46,48.93,2250.78
West,Gadget X,30,20.35,610.5
West,Widget B,54,22.77,1229.58
South,Widget A,30,26.53,795.9
North,Widget A,44,23.23,1022.12
West,Gadget X,88,39.13,3443.44
West,Widget B,64,40.92,2618.88
South,Widget A,72,46.1,3319.2
Central,Widget B,72,13.03,938.16
North,Gadget X,96,31.19,2994.24
Central,Widget A,68,36.87,2507.16
South,Widget C,6,48.74,292.44
South,Gadget X,70,24.2,1694.0
South,Widget B,66,20.74,1368.84
Central,Widget A,27,45.83,1237.41
West,Widget A,8,18.64,149.12
Central,Gadget X,74,37.15,2749.1
West,Gadget X,33,39.89,1316.37
East,Widget C,89,29.58,2632.62
East,Gadget X,37,36.35,1344.95
East,Widget C,69,13.16,908.04
West,Gadget X,47,48.49,2279.03
West,Widget D,9,28.28,254.52
Central,Widget C,50,20.82,1041.0
West,Widget B,28,40.34,1129.52
East,Widget B,24,21.38,513.12
West,Widget D,38,24.61,935.18
East,Widget A,41,17.12,701.92
Central,Widget B,94,15.34,1441.96
Central,Widget B,61,15.19,926.59
North,Widget D,41,29.03,1190.23
South,Widget C,57,16.69,951.33
Central,Gadget X,23,34.93,803.39
North,Widget C,87,41.27,3590.49
North,Widget B,91,31.18,2837.38
North,Widget B,26,24.44,635.44
Central,Gadget X,29,43.11,1250.19
South,Widget D,8,14.87,118.96
East,Widget D,65,48.73,3167.45
East,Widget D,55,40.18,2209.9
Central,Gadget X,48,27.21,1306.08
West,Widget D,86,32.32,2779.52
West,Widget D,22,32.77,720.94
West,Widget C,25,33.69,842.25
East,Widget C,64,10.3,659.2
North,Widget B,58,42.71,2477.18
South,Widget C,47,47.65,2239.55
Central,Widget C,33,21.71,716.43
North,Widget A,79,23.23,1835.17
East,Widget D,66,47.65,3144.9
West,Gadget X,31,19.94,618.14
West,Widget A,29,15.54,450.66
Central,Gadget X,55,34.5,1897.5
North,Widget B,49,30.57,1497.93
North,Widget A,42,34.93,1467.06
West,Widget D,91,21.94,1996.54
North,Widget C,66,47.13,3110.58
East,Widget C,5,42.28,211.4
North,Widget D,100,32.01,3201.0
West,Widget B,74,35.58,2632.92
North,Widget A,2,19.58,39.16
Central,Widget B,37,26.58,983.46
North,Widget B,45,17.18,773.1
North,Widget D,47,24.1,1132.7
Central,Widget C,10,20.2,202.0
East,Widget A,86,49.5,4257.0
South,Widget D,33,43.07,1421.31
North,Widget A,27,35.85,967.95
East,Widget D,93,19.31,1795.83
South,Widget D,5,47.47,237.35
North,Gadget X,19,15.6,296.4
South,Widget A,1,49.16,49.16
South,Widget B,88,19.74,1737.12
North,Widget C,37,39.89,1475.93
West,Widget A,66,30.34,2002.44
East,Widget C,75,22.6,1695.0
North,Widget C,19,22.52,427.88
West,Widget B,96,39.82,3822.72
Central,Widget B,75,32.92,2469.0
North,Widget C,1,30.6,30.6
South,Widget A,78,39.56,3085.68
East,Widget C,31,24.45,757.95
South,Widget D,55,22.18,1219.9
West,Widget C,92,48.38,4450.96
South,Widget D,46,44.55,2049.3
North,Widget A,5,41.57,207.85
Central,Gadget X,98,21.04,2061.92
South,Gadget X,66,27.09,1787.94
East,Gadget X,44,33.02,1452.88
North,Widget D,93,22.62,2103.66
South,Widget D,80,19.17,1533.6
North,Widget C,39,38.02,1482.78
South,Widget A,80,39.39,3151.2
South,Gadget X,7,43.03,301.21
East,Widget D,29,17.29,501.41
North,Widget D,41,15.14,620.74
East,Widget B,76,25.25,1919.0
Central,Widget C,27,32.79,885.33
South,Widget B,92,14.63,1345.96
South,Widget A,80,14.3,1144.0
Central,Widget C,58,31.9,1850.2
North,Gadget X,15,37.62,564.3
West,Widget D,18,25.11,451.98
East,Widget A,57,47.21,2690.97
Central,Widget A,15,14.46,216.9
South,Widget B,78,41.05,3201.9
West,Widget C,29,29.73,862.17
Central,Gadget X,16,37.21,595.36
West,Widget D,45,30.01,1350.45
South,Gadget X,2,46.16,92.32
Central,Widget A,54,16.7,901.8
South,Widget D,98,48.52,4754.96
North,Widget D,46,24.63,1132.98
South,Widget D,22,20.24,445.28
West,Widget A,51,30.22,1541.22
South,Widget D,7,25.43,178.01
North,Widget C,23,42.24,971.52
Central,Widget C,79,27.8,2196.2
West,Widget C,66,31.8,2098.8
Central,Gadget X,72,17.93,1290.96
West,Widget A,44,45.16,1987.04
West,Widget B,15,17.8,267.0
South,Widget A,44,13.65,600.6
South,Widget A,40,25.96,1038.4
North,Widget A,75,15.58,1168.5
South,Widget C,16,26.08,417.28
Central,Widget C,60,36.41,2184.6
South,Widget C,59,37.58,2217.22
East,Widget A,52,22.78,1184.56
North,Widget A,47,41.5,1950.5
East,Widget B,3,29.03,87.09
South,Widget C,52,30.29,1575.08
South,Widget D,60,19.02,1141.2
North,Gadget X,52,14.82,770.64
East,Gadget X,36,13.51,486.36
North,Widget B,18,35.18,633.24
North,Widget C,17,15.47,262.99
East,Widget B,100,38.63,3863.0
South,Widget C,79,36.76,2904.04
South,Widget D,33,16.63,548.79
West,Widget C,58,37.3,2163.4
North,Widget A,19,36.09,685.71
West,Gadget X,42,21.15,888.3
South,Widget C,89,18.0,1602.0
East,Gadget X,30,45.62,1368.6
North,Widget C,3,21.4,64.2
Central,Widget C,40,40.45,1618.0
East,Gadget X,79,22.17,1751.43
East,Widget D,41,26.11,1070.51
North,Widget B,99,34.45,3410.55
South,Widget B,57,16.26,926.82
South,Widget D,60,25.37,1522.2
East,Widget A,70,29.03,2032.1
North,Widget B,58,47.84,2774.72
South,Widget D,98,22.57,2211.86
North,Gadget X,81,26.78,2169.18
South,Widget A,73,14.4,1051.2
South,Widget D,19,14.08,267.52
North,Widget C,98,19.06,1867.88
East,Gadget X,25,35.4,885.0
South,Gadget X,59,14.88,877.92
South,Widget D,59,13.13,774.67
East,Gadget X,50,14.98,749.0
West,Widget B,54,12.45,672.3
East,Widget D,10,18.48,184.8
North,Widget C,91,15.98,1454.18
Central,Widget C,85,42.69,3628.65
South,Widget D,99,28.35,2806.65
West,Widget A,29,12.16,352.64
North,Widget C,36,26.08,938.88
North,Gadget X,72,32.78,2360.16
North,Widget C,66,29.71,1960.86
West,Widget D,99,45.85,4539.15
North,Gadget X,75,39.27,2945.25
Central,Widget D,64,49.32,3156.48
East,Widget D,60,12.66,759.6
West,Gadget X,74,43.81,3241.94
Central,Widget C,94,11.45,1076.3
Central,Widget D,83,47.22,3919.26
North,Widget C,32,47.91,1533.12
South,Widget C,38,16.1,611.8
East,Widget B,18,13.55,243.9
North,Gadget X,33,10.57,348.81
East,Widget C,39,27.51,1072.89
West,Widget D,95,30.85,2930.75
Central,Widget D,51,23.83,1215.33
Central,Widget A,19,25.51,484.69
South,Widget D,94,44.42,4175.48
Central,Widget D,91,44.23,4024.93
East,Widget B,61,42.01,2562.61
East,Widget A,75,44.23,3317.25
South,Gadget X,25,45.99,1149.75
Central,Widget D,14,35.5,497.0
East,Gadget X,77,40.62,3127.74
South,Widget C,69,31.81,2194.89
South,Widget B,77,38.19,2940.63
North,Widget D,37,22.03,815.11
South,Widget D,4,38.51,154.04
West,Gadget X,78,22.02,1717.56
Central,Widget A,56,17.89,1001.84
Central,Gadget X,94,20.92,1966.48
East,Gadget X,64,21.77,1393.28
North,Widget A,93,17.97,1671.21
South,Widget A,14,42.01,588.14
East,Widget D,34,39.74,1351.16
East,Widget B,92,25.72,2366.24
North,Gadget X,47,28.55,1341.85
West,Widget C,92,15.2,1398.4
East,Widget A,59,32.1,1893.9
West,Gadget X,47,30.93,1453.71
South,Widget C,21,46.73,981.33
West,Gadget X,59,23.67,1396.53
Central,Widget B,42,25.56,1073.52
South,Widget C,36,10.22,367.92
West,Gadget X,18,42.73,769.14
East,Gadget X,53,17.99,953.47
West,Widget A,47,29.7,1395.9
Central,Widget B,69,35.93,2479.17
Central,Widget D,6,33.54,201.24
West,Widget B,34,41.52,1411.68
South,Widget C,89,25.3,2251.7
South,Widget A,93,37.47,3484.71
Central,Widget A,50,36.84,1842.0
South,Widget A,45,42.98,1934.1
North,Widget C,22,25.9,569.8
Central,Gadget X,43,28.23,1213.89
West,Widget D,65,27.06,1758.9
East,Widget A,93,34.87,3242.91
North,Widget D,52,29.78,1548.56
West,Widget C,80,31.26,2500.8
North,Widget C,20,14.26,285.2
South,Widget A,89,30.45,2710.05
East,Widget B,64,14.7,940.8
South,Widget B,29,46.5,1348.5
East,Widget D,44,42.62,1875.28
North,Widget A,20,22.89,457.8
East,Widget C,53,28.13,1490.89
East,Widget C,20,48.66,973.2
North,Gadget X,21,25.17,528.57
Central,Widget D,26,42.61,1107.86
South,Widget B,2,29.33,58.66
West,Widget B,49,18.09,886.41
West,Widget B,23,43.98,1011.54
Central,Widget D,31,39.73,1231.63
West,Widget D,25,49.52,1238.0
North,Widget D,52,25.74,1338.48
South,Gadget X,76,31.07,2361.32
West,Widget A,26,17.24,448.24
Central,Gadget X,13,39.94,519.22
West,Widget C,94,47.95,4507.3
South,Widget A,74,22.62,1673.88
West,Widget B,78,47.22,3683.16
North,Widget C,79,49.14,3882.06
North,Widget A,54,38.81,2095.74
South,Widget B,96,17.82,1710.72
East,Widget B,51,31.11,1586.61
West,Widget A,26,15.6,405.6
West,Gadget X,22,20.58,452.76
Central,Widget B,46,46.06,2118.76
West,Widget B,19,15.17,288.23
North,Widget D,37,26.52,981.24
South,Widget C,75,36.95,2771.25
Central,Widget C,77,10.3,793.1
West,Widget D,62,32.07,1988.34
West,Widget D,13,25.9,336.7
North,Widget B,10,26.34,263.4
West,Widget C,5,21.32,106.6
Central,Widget C,96,32.05,3076.8
Central,Gadget X,64,24.71,1581.44
South,Widget B,36,43.44,1563.84
North,Widget A,11,35.18,386.98
North,Gadget X,45,27.67,1245.15
North,Widget A,55,13.55,745.25
West,Widget A,52,17.07,887.64
West,Widget B,41,44.53,1825.73
North,Gadget X,68,14.43,981.24
North,Gadget X,26,10.2,265.2
South,Widget A,92,32.72,3010.24
East,Widget D,51,42.01,2142.51
East,Widget B,25,12.79,319.75
North,Widget B,45,42.84,1927.8
North,Widget B,62,11.19,693.78
North,Widget A,94,47.15,4432.1
East,Widget C,18,18.81,338.58
North,Widget A,70,31.11,2177.7
East,Gadget X,51,29.04,1481.04
North,Widget D,8,10.21,81.68
West,Widget C,75,27.83,2087.25
West,Widget C,88,34.86,3067.68
North,Widget C,69,21.4,1476.6
Central,Widget C,49,21.41,1049.09
West,Widget D,39,19.83,773.37
North,Widget B,82,25.68,2105.76
North,Widget B,72,16.66,1199.52
West,Gadget X,73,32.59,2379.07
Central,Widget A,42,30.59,1284.78
Central,Widget B,77,27.86,2145.22
North,Gadget X,93,19.8,1841.4
East,Widget B,82,37.15,3046.3
North,Widget D,87,10.44,908.28
West,Widget D,93,35.0,3255.0
North,Widget C,21,34.61,726.81
Central,Widget B,64,39.05,2499.2
Central,Widget A,53,23.78,1260.34
Central,Widget B,89,25.55,2273.95
South,Widget B,6,25.98,155.88
South,Widget A,81,41.9,3393.9
Central,Widget B,96,32.26,3096.96
West,Widget A,53,33.16,1757.48
South,Widget C,49,45.04,2206.96
North,Widget A,39,36.37,1418.43
West,Widget A,70,35.24,2466.8
East,Gadget X,42,24.45,1026.9
Central,Gadget X,64,22.45,1436.8
Central,Widget C,17,21.42,364.14
North,Widget D,30,10.21,306.3
West,Widget D,65,10.43,677.95
South,Gadget X,100,23.59,2359.0
Central,Widget C,100,37.44,3744.0
West,Widget C,66,32.39,2137.74
South,Widget C,1,15.05,15.05
South,Widget C,60,46.55,2793.0
North,Widget A,33,31.78,1048.74
West,Gadget X,24,15.69,376.56
Central,Gadget X,76,39.88,3030.88
East,Gadget X,74,44.29,3277.46
North,Gadget X,62,34.89,2163.18
Central,Widget B,94,24.31,2285.14
East,Widget D,58,11.59,672.22
East,Widget A,99,28.16,2787.84
South,Gadget X,36,17.96,646.56
East,Widget A,82,42.01,3444.82
West,Widget D,79,21.92,1731.68
Central,Widget D,65,11.54,750.1
Central,Widget A,87,19.23,1673.01
South,Gadget X,25,33.73,843.25
Central,Widget A,8,24.24,193.92
Central,Widget C,84,13.35,1121.4
Central,Widget C,44,12.76,561.44
West,Gadget X,88,16.8,1478.4
South,Widget D,50,31.86,1593.0
East,Widget C,52,44.6,2319.2
East,Gadget X,42,30.35,1274.7
North,Widget B,99,25.55,2529.45
South,Gadget X,74,32.86,2431.64
North,Widget B,37,45.14,1670.18
East,Widget C,51,36.67,1870.17
South,Widget D,67,41.62,2788.54
Central,Gadget X,66,44.79,2956.14
South,Widget B,95,20.64,1960.8
West,Widget D,74,24.24,1793.76
West,Widget A,59,11.3,666.7
North,Widget D,96,19.67,1888.32
Central,Widget A,89,34.46,3066.94
West,Widget C,14,43.23,605.22
North,Widget C,93,42.65,3966.45
Central,Widget D,61,14.14,862.54
North,Widget A,16,49.96,799.36
West,Widget A,58,10.01,580.58
East,Gadget X,64,47.17,3018.88
North,Widget C,59,41.22,2431.98
West,Widget C,10,11.96,119.6
West,Gadget X,68,38.61,2625.48
North,Widget B,6,48.57,291.42
South,Gadget X,92,48.65,4475.8
North,Widget D,93,40.21,3739.53
South,Widget D,28,13.95,390.6
East,Widget C,59,44.21,2608.39
South,Widget B,23,25.27,581.21
South,Widget B,94,41.71,3920.74
South,Widget A,79,43.3,3420.7
Central,Widget C,49,11.2,548.8
North,Widget A,5,39.78,198.9
Central,Widget B,85,18.84,1601.4
West,Widget A,73,30.38,2217.74
Central,Widget D,37,21.79,806.23
Central,Widget B,59,33.96,2003.64
South,Widget D,96,35.52,3409.92
Central,Gadget X,46,10.63,488.98
West,Widget B,38,24.03,913.14
North,Widget C,85,27.14,2306.9
East,Widget A,67,20.1,1346.7
Central,Widget C,76,20.77,1578.52
East,Gadget X,27,13.55,365.85
North,Widget A,33,14.28,471.24
Central,Gadget X,76,18.62,1415.12
West,Widget B,72,45.47,3273.84
South,Widget C,11,42.7,469.7
North,Widget D,78,25.23,1967.94
Central,Widget B,64,48.89,3128.96
North,Widget C,95,39.72,3773.4
North,Widget A,84,25.77,2164.68
East,Widget C,38,36.85,1400.3
South,Widget D,34,17.54,596.36
West,Widget D,21,49.44,1038.24
East,Gadget X,55,45.77,2517.35
South,Widget D,21,49.81,1046.01
North,Widget C,39,32.16,1254.24
South,Gadget X,43,44.56,1916.08
Central,Widget D,79,45.47,3592.13
North,Widget A,5,46.51,232.55
West,Widget B,18,23.49,422.82
North,Gadget X,78,40.55,3162.9
East,Widget D,60,12.35,741.0
South,Gadget X,72,38.8,2793.6
South,Gadget X,49,27.52,1348.48
Central,Widget A,18,42.74,769.32
North,Widget C,93,46.2,4296.6
West,Widget B,12,27.2,326.4
East,Widget A,29,29.59,858.11
South,Widget D,3,22.09,66.27
Central,Widget A,22,47.25,1039.5
East,Gadget X,87,47.5,4132.5
South,Gadget X,66,43.65,2880.9
West,Widget A,35,13.89,486.15
South,Widget D,25,16.85,421.25
North,Widget B,5,36.95,184.75
Central,Gadget X,33,24.46,807.18
Central,Widget D,31,15.16,469.96
East,Widget A,53,35.43,1877.79
South,Gadget X,66,49.52,3268.32
South,Gadget X,64,29.6,1894.4
Central,Gadget X,44,35.13,1545.72
South,Gadget X,76,37.95,2884.2
East,Widget B,28,21.13,591.64
East,Widget A,41,24.32,997.12
West,Gadget X,49,41.07,2012.43
North,Gadget X,97,19.57,1898.29
East,Widget C,71,33.54,2381.34
Central,Widget D,25,22.17,554.25
South,Widget B,48,33.85,1624.8
West,Gadget X,57,20.54,1170.78
South,Widget C,68,43.23,2939.64
Central,Widget B,63,14.42,908.46
Central,Widget A,36,32.4,1166.4
North,Widget D,20,32.85,657.0
South,Gadget X,43,42.64,1833.52
East,Gadget X,2,21.33,42.66
North,Widget B,15,27.72,415.8
West,Widget A,62,31.2,1934.4
West,Widget C,84,44.5,3738.0
Central,Widget B,90,21.18,1906.2
North,Widget D,35,11.22,392.7
Central,Gadget X,45,44.03,1981.35
North,Widget C,62,42.22,2617.64
Central,Gadget X,49,19.04,932.96
Central,Widget C,74,40.62,3005.88
South,Widget A,66,12.54,827.64
South,Widget C,42,47.59,1998.78
South,Widget C,97,27.7,2686.9
East,Widget C,57,28.41,1619.37
West,Gadget X,15,26.5,397.5
South,Widget D,8,21.84,174.72
West,Widget A,44,35.79,1574.76
West,Gadget X,36,33.94,1221.84
Central,Widget D,45,26.14,1176.3
North,Widget D,66,40.96,2703.36
Central,Widget D,99,19.63,1943.37
South,Widget C,48,39.98,1919.04
North,Gadget X,51,11.91,607.41
North,Widget D,70,20.62,1443.4
South,Widget B,56,41.89,2345.84
North,Widget B,79,11.72,925.88
South,Widget A,46,18.66,858.36
North,Widget C,66,45.89,3028.74
East,Widget D,72,32.31,2326.32
South,Widget B,14,21.36,299.04
South,Widget C,18,22.22,399.96
East,Widget B,21,31.95,670.95
East,Gadget X,38,48.74,1852.12
South,Widget B,40,47.06,1882.4
South,Gadget X,77,18.8,1447.6
South,Widget B,81,14.23,1152.63
East,Widget C,10,11.77,117.7
South,Widget D,78,35.03,2732.34
North,Widget C,82,18.77,1539.14
Central,Widget B,20,32.79,655.8
West,Widget D,92,34.93,3213.56
South,Widget A,48,23.41,1123.68
South,Widget A,70,14.3,1001.0
West,Widget B,66,36.29,2395.14
South,Widget A,78,46.75,3646.5
West,Widget C,56,21.03,1177.68
North,Widget C,79,14.14,1117.06
West,Widget B,74,46.55,3444.7
Central,Gadget X,9,42.77,384.93
South,Widget D,86,22.78,1959.08
North,Widget D,95,28.0,2660.0
North,Widget A,57,42.83,2441.31
Central,Widget A,56,15.31,857.36
West,Widget C,71,27.14,1926.94
West,Widget C,22,32.91,724.02
South,Widget B,3,12.51,37.53
Central,Widget D,58,21.42,1242.36
West,Widget C,37,42.11,1558.07
South,Widget B,44,28.12,1237.28
Central,Widget C,38,20.93,795.34
East,Widget D,66,38.99,2573.34
North,Widget B,68,34.11,2319.48
Central,Widget C,88,29.66,2610.08
West,Gadget X,93,25.81,2400.33
East,Gadget X,28,34.22,958.16
West,Widget D,62,12.96,803.52
East,Widget A,68,36.42,2476.56
Central,Widget D,28,19.74,552.72
East,Gadget X,54,40.59,2191.86
East,Widget B,36,25.54,919.44
Central,Widget A,29,21.88,634.52
North,Gadget X,90,46.05,4144.5
West,Widget A,79,45.15,3566.85
Central,Widget D,19,26.81,509.39
West,Widget C,46,39.9,1835.4
South,Gadget X,53,18.98,1005.94
East,Widget B,68,14.31,973.08
East,Gadget X,54,44.94,2426.76
East,Widget B,62,34.18,2119.16
East,Widget A,58,11.36,658.88
North,Gadget X,17,32.05,544.85
South,Widget C,26,24.62,640.12
South,Widget B,26,49.31,1282.06
East,Widget A,90,47.53,4277.7
North,Widget C,57,11.18,637.26
South,Widget D,41,39.56,1621.96
Central,Widget D,10,40.24,402.4
North,Widget D,74,27.88,2063.12
West,Widget A,63,14.55,916.65
East,Gadget X,27,18.03,486.81
West,Widget D,8,29.25,234.0
South,Widget B,56,40.89,2289.84
West,Widget B,94,35.59,3345.46
South,Widget A,3,22.95,68.85
Central,Widget D,94,42.97,4039.18
West,Widget B,35,42.55,1489.25
North,Widget C,49,16.65,815.85
North,Gadget X,55,47.32,2602.6
North,Widget A,33,22.36,737.88
Central,Widget A,88,43.59,3835.92
South,Widget D,56,48.53,2717.68
South,Gadget X,97,47.36,4593.92
North,Widget A,75,19.38,1453.5
East,Widget B,52,19.3,1003.6
East,Widget A,54,29.62,1599.48
North,Widget C,27,37.9,1023.3
East,Gadget X,49,26.93,1319.57
South,Widget A,14,18.62,260.68
West,Gadget X,53,12.14,643.42
West,Widget D,16,36.32,581.12
South,Widget C,22,33.55,738.1
East,Gadget X,83,48.22,4002.26
Central,Gadget X,56,13.71,767.76
North,Widget A,5,18.82,94.1
Central,Widget C,50,44.84,2242.0
West,Widget B,75,14.62,1096.5
South,Widget D,22,49.25,1083.5
North,Widget C,5,10.42,52.1
South,Widget A,76,35.36,2687.36
South,Widget D,58,36.03,2089.74
North,Widget D,69,16.14,1113.66
Central,Widget B,7,14.42,100.94
North,Widget C,13,49.98,649.74
West,Widget A,46,22.51,1035.46
East,Gadget X,32,40.24,1287.68
North,Widget D,34,47.19,1604.46
Central,Gadget X,63,17.32,1091.16
East,Widget A,15,41.3,619.5
West,Widget B,88,26.57,2338.16
West,Widget B,82,15.26,1251.32
Central,Widget D,78,33.8,2636.4
North,Widget B,46,39.75,1828.5
East,Widget A,48,46.67,2240.16
East,Widget B,14,46.66,653.24
West,Gadget X,76,28.3,2150.8
Central,Widget B,89,20.04,1783.56
West,Gadget X,45,33.94,1527.3
South,Widget A,36,35.85,1290.6
East,Widget B,5,21.1,105.5
East,Widget C,41,11.7,479.7
West,Widget B,58,46.06,2671.48
South,Widget D,5,34.55,172.75
Central,Gadget X,80,19.15,1532.0
South,Widget B,56,46.09,2581.04
East,Widget C,99,44.51,4406.49
West,Widget C,59,36.38,2146.42
South,Widget D,73,11.83,863.59
North,Widget B,6,48.73,292.38
East,Widget C,12,21.3,255.6
East,Gadget X,99,26.01,2574.99
West,Widget C,56,47.29,2648.24
Central,Widget B,41,33.79,1385.39
Central,Widget A,32,47.85,1531.2
South,Widget B,73,47.86,3493.78
North,Widget D,30,28.18,845.4
South,Gadget X,58,20.66,1198.28
Central,Widget A,42,35.78,1502.76
Central,Widget C,11,29.69,326.59
Central,Widget C,68,33.92,2306.56
South,Widget B,91,44.2,4022.2
South,Widget C,43,48.97,2105.71
Central,Gadget X,59,10.19,601.21
North,Widget C,73,33.37,2436.01
East,Widget A,28,19.65,550.2
North,Widget D,64,45.63,2920.32
West,Widget A,74,46.04,3406.96
South,Gadget X,67,32.74,2193.58
West,Widget C,9,41.54,373.86
South,Widget A,19,28.38,539.22
North,Gadget X,5,40.75,203.75
Central,Gadget X,7,14.11,98.77
Central,Gadget X,46,35.86,1649.56
North,Widget A,9,32.59,293.31
East,Widget A,94,14.17,1331.98
Central,Widget C,38,22.4,851.2
East,Widget A,3,32.41,97.23
East,Widget A,27,31.54,851.58
North,Widget A,30,31.15,934.5
Central,Widget D,62,25.87,1603.94
East,Widget B,48,34.19,1641.12
West,Widget A,51,47.2,2407.2
East,Gadget X,52,15.28,794.56
Central,Widget B,59,18.24,1076.16
North,Widget C,86,43.39,3731.54
South,Widget D,13,28.31,368.03
South,Widget C,19,16.64,316.16
West,Widget A,74,44.67,3305.58
North,Widget C,59,34.6,2041.4
West,Widget B,31,26.02,806.62
Central,Widget B,47,49.1,2307.7
Central,Widget B,81,35.66,2888.46
East,Widget D,61,17.26,1052.86
East,Widget D,85,38.86,3303.1
East,Widget D,8,38.73,309.84
East,Widget D,14,47.03,658.42
East,Widget D,36,25.78,928.08
West,Widget D,49,36.49,1788.01
North,Widget C,89,30.96,2755.44
North,Widget A,95,10.53,1000.35
South,Gadget X,49,28.58,1400.42
South,Widget A,9,18.92,170.28
North,Widget D,81,32.76,2653.56
South,Widget D,83,14.03,1164.49
North,Gadget X,18,47.47,854.46
North,Widget D,65,36.95,2401.75
Central,Widget A,2,32.56,65.12
East,Widget D,70,15.17,1061.9
South,Gadget X,77,16.72,1287.44
Central,Gadget X,67,15.98,1070.66
South,Widget A,87,36.98,3217.26
South,Widget C,77,41.26,3177.02
West,Widget C,56,33.01,1848.56
North,Widget B,32,35.11,1123.52
West,Widget A,81,31.46,2548.26
South,Widget D,55,28.55,1570.25
South,Gadget X,84,16.57,1391.88
West,Widget D,44,44.78,1970.32
North,Gadget X,77,17.71,1363.67
North,Widget C,51,44.85,2287.35
North,Widget B,61,34.5,2104.5
North,Widget A,94,30.95,2909.3
Central,Widget C,30,18.39,551.7
South,Gadget X,92,18.94,1742.48
East,Widget D,6,20.71,124.26
West,Widget B,69,23.45,1618.05
North,Widget B,15,40.94,614.1
West,Widget D,3,41.77,125.31
South,Gadget X,24,37.75,906.0
West,Widget C,95,40.35,3833.25
South,Widget B,95,32.38,3076.1
East,Widget A,13,40.07,520.91
Central,Widget B,40,10.36,414.4
East,Widget D,29,47.33,1372.57
West,Widget C,46,28.49,1310.54
Central,Widget B,88,25.8,2270.4
East,Gadget X,60,37.19,2231.4
East,Widget C,19,43.67,829.73
Central,Widget A,12,31.95,383.4
West,Widget C,76,13.81,1049.56
Central,Widget D,43,33.91,1458.13
North,Widget B,38,31.97,1214.86
East,Widget A,16,23.59,377.44
Central,Widget B,56,21.63,1211.28
West,Widget A,16,12.62,201.92
West,Gadget X,12,40.57,486.84
South,Gadget X,49,12.66,620.34
North,Gadget X,85,41.15,3497.75
South,Widget B,73,19.86,1449.78
North,Gadget X,11,47.83,526.13
West,Widget C,89,24.15,2149.35
West,Gadget X,50,44.52,2226.0
North,Widget D,74,17.84,1320.16
North,Widget B,21,47.51,997.71
Central,Widget A,72,41.98,3022.56
North,Widget C,30,48.2,1446.0
Central,Widget A,60,11.51,690.6
South,Widget A,31,48.4,1500.4
West,Widget A,37,22.52,833.24
East,Widget B,26,47.71,1240.46
South,Gadget X,20,35.76,715.2
West,Widget A,9,11.07,99.63
North,Widget D,47,14.24,669.28
South,Widget A,52,47.07,2447.64
East,Widget D,43,15.46,664.78
South,Widget C,47,33.47,1573.09
South,Widget D,87,21.43,1864.41
West,Widget B,45,24.21,1089.45
South,Widget B,42,29.06,1220.52
East,Widget C,2,26.29,52.58
West,Widget A,84,38.47,3231.48
South,Widget B,48,33.72,1618.56
Central,Gadget X,81,28.61,2317.41
North,Widget D,55,32.39,1781.45
Central,Widget D,19,46.93,891.67
East,Widget D,13,22.19,288.47
East,Widget B,42,38.19,1603.98
West,Gadget X,79,28.9,2283.1
Central,Gadget X,86,24.79,2131.94
North,Widget B,41,48.66,1995.06
North,Widget C,100,47.89,4789.0
North,Widget C,60,43.78,2626.8
North,Gadget X,65,28.52,1853.8
North,Gadget X,25,40.98,1024.5
North,Widget D,57,40.82,2326.74
North,Widget A,57,44.27,2523.39
North,Widget C,37,49.59,1834.83
Central,Widget A,54,38.1,2057.4
West,Widget D,92,40.9,3762.8
South,Gadget X,95,31.27,2970.65
West,Widget C,14,15.7,219.8
South,Gadget X,62,39.02,2419.24
South,Widget B,46,36.11,1661.06
East,Widget A,33,35.26,1163.58
North,Widget C,73,47.01,3431.73
Central,Widget C,49,22.52,1103.48
Central,Widget A,68,18.59,1264.12
North,Widget A,8,43.6,348.8
Central,Widget D,72,35.26,2538.72
East,Gadget X,27,43.9,1185.3
South,Widget C,72,38.03,2738.16
North,Widget C,25,18.05,451.25
South,Widget B,14,42.92,600.88
West,Gadget X,53,26.54,1406.62
West,Widget B,4,26.01,104.04
East,Widget C,87,25.19,2191.53
East,Gadget X,36,49.23,1772.28
North,Widget C,21,38.37,805.77
East,Widget B,33,34.18,1127.94
East,Widget A,16,14.2,227.2
South,Widget C,30,29.53,885.9
Central,Widget C,83,35.43,2940.69
Central,Widget A,5,30.83,154.15
West,Widget D,33,44.52,1469.16
Central,Widget D,76,46.81,3557.56
North,Widget D,23,17.84,410.32
Central,Widget B,31,37.36,1158.16
North,Widget C,21,36.77,772.17
South,Widget D,25,41.16,1029.0
East,Widget A,26,30.21,785.46
Central,Widget C,2,22.95,45.9
Central,Widget A,93,30.48,2834.64
Central,Widget C,66,32.5,2145.0
West,Widget D,57,27.71,1579.47
South,Widget B,74,23.75,1757.5
South,Widget C,84,34.64,2909.76
East,Widget A,68,22.88,1555.84
North,Widget C,64,12.15,777.6
Central,Widget C,62,29.92,1855.04
East,Widget D,12,46.96,563.52
West,Widget A,38,18.96,720.48
East,Widget D,52,34.98,1818.96
South,Widget D,12,26.23,314.76
North,Gadget X,42,24.89,1045.38
North,Widget A,96,47.09,4520.64
Central,Widget D,22,34.76,764.72
North,Widget B,72,24.47,1761.84
South,Gadget X,8,38.84,310.72
North,Widget A,72,25.85,1861.2
North,Widget D,93,37.64,3500.52
Central,Gadget X,25,24.31,607.75
East,Gadget X,80,36.05,2884.0
North,Widget D,74,13.8,1021.2
West,Widget B,76,29.7,2257.2
North,Widget B,73,49.81,3636.13
West,Widget A,26,20.62,536.12
South,Widget C,22,35.28,776.16
North,Widget A,18,11.49,206.82
East,Widget C,87,15.32,1332.84
North,Widget B,38,12.43,472.34
North,Widget C,56,39.83,2230.48
West,Widget D,40,14.14,565.6
West,Gadget X,79,32.15,2539.85
South,Widget A,82,15.09,1237.38
South,Gadget X,41,35.66,1462.06
North,Gadget X,78,36.21,2824.38
Central,Widget D,84,20.55,1726.2
North,Widget C,58,35.22,2042.76
East,Widget D,40,22.29,891.6
West,Widget D,89,18.88,1680.32
East,Gadget X,35,38.59,1350.65
West,Gadget X,77,28.82,2219.14
West,Widget A,19,18.23,346.37
South,Widget D,43,31.63,1360.09
North,Widget D,22,17.4,382.8
North,Widget C,15,11.66,174.9
Central,Widget A,49,21.3,1043.7
North,Widget D,19,28.15,534.85
North,Widget B,75,26.02,1951.5
East,Widget C,68,10.7,727.6
North,Widget D,24,42.48,1019.52
West,Widget D,98,29.26,2867.48
East,Widget D,88,30.21,2658.48
South,Widget B,85,36.77,3125.45
South,Widget C,41,46.84,1920.44
South,Gadget X,75,16.26,1219.5
North,Widget B,16,30.18,482.88
West,Widget A,95,36.88,3503.6
East,Widget B,88,16.5,1452.0
East,Widget D,80,40.0,3200.0
South,Widget C,99,19.27,1907.73
West,Widget D,43,48.42,2082.06
East,Widget C,24,23.38,561.12
Central,Widget C,77,27.84,2143.68
West,Widget D,2,46.79,93.58
Central,Widget A,10,13.3,133.0
North,Widget D,81,37.45,3033.45
South,Widget C,36,10.24,368.64
East,Gadget X,10,21.72,217.2
East,Widget B,93,19.2,1785.6
East,Widget C,31,28.49,883.19
East,Widget D,34,25.48,866.32
West,Gadget X,44,48.38,2128.72
West,Gadget X,58,46.14,2676.12
North,Widget A,16,36.44,583.04
Central,Widget C,68,19.21,1306.28
North,Widget B,94,47.28,4444.32
East,Widget B,45,31.49,1417.05
Central,Widget B,12,43.62,523.44
Central,Widget D,20,48.73,974.6
West,Widget D,30,16.83,504.9
North,Widget A,23,19.68,452.64
West,Widget A,73,16.26,1186.98
East,Widget B,47,16.76,787.72
Central,Gadget X,60,44.08,2644.8
East,Widget C,61,17.21,1049.81
West,Widget B,55,46.72,2569.6
North,Widget A,7,23.29,163.03
Central,Widget D,87,24.82,2159.34
North,Gadget X,47,49.14,2309.58
North,Widget A,63,22.6,1423.8
West,Widget D,62,46.4,2876.8
North,Widget C,97,12.48,1210.56
West,Widget D,23,41.05,944.15
West,Gadget X,27,44.71,1207.17
South,Widget B,23,26.58,611.34
West,Gadget X,28,28.2,789.6
North,Widget B,68,11.67,793.56
East,Widget A,23,14.21,326.83
Central,Widget B,99,26.35,2608.65
East,Widget D,15,26.62,399.3
East,Widget A,6,33.85,203.1
Central,Widget D,89,10.64,946.96
North,Widget A,82,33.53,2749.46
South,Gadget X,5,11.49,57.45
North,Widget B,71,46.02,3267.42
West,Widget A,24,30.42,730.08
North,Gadget X,37,41.91,1550.67
North,Gadget X,100,43.36,4336.0
South,Gadget X,74,37.14,2748.36
North,Widget B,82,23.31,1911.42
West,Widget C,12,23.72,284.64
East,Widget B,36,33.21,1195.56
West,Widget B,84,40.32,3386.88
East,Gadget X,25,24.37,609.25
North,Gadget X,49,40.74,1996.26
East,Widget D,76,19.85,1508.6
Central,Widget A,69,14.53,1002.57
South,Gadget X,5,15.43,77.15
West,Widget D,28,10.74,300.72
East,Widget C,60,13.79,827.4
West,Widget D,88,33.61,2957.68
East,Widget D,11,15.79,173.69
West,Widget A,29,25.73,746.17
Central,Widget A,5,20.35,101.75
West,Widget A,16,41.93,670.88
Central,Widget C,77,44.61,3434.97
South,Widget A,11,21.27,233.97
West,Widget D,38,43.87,1667.06
East,Widget B,32,35.91,1149.12
North,Gadget X,79,39.18,3095.22
South,Widget D,97,10.61,1029.17
South,Gadget X,28,24.26,679.28
South,Gadget X,16,18.01,288.16
North,Widget C,13,23.42,304.46
North,Widget A,96,37.85,3633.6
East,Gadget X,66,27.82,1836.12
West,Widget B,51,13.85,706.35
North,Gadget X,71,11.53,818.63
West,Widget C,41,26.79,1098.39
West,Widget C,31,42.51,1317.81
North,Widget B,14,30.9,432.6
North,Widget A,16,27.61,441.76
Central,Widget C,35,10.22,357.7
South,Widget A,22,40.02,880.44
North,Widget D,19,10.15,192.85
East,Widget C,5,31.91,159.55
East,Widget D,97,46.04,4465.88
West,Widget D,82,17.05,1398.1
West,Widget A,31,25.63,794.53
South,Widget A,86,20.2,1737.2
West,Widget A,59,29.29,1728.11
East,Widget C,82,34.97,2867.54
South,Widget A,45,33.09,1489.05
Central,Widget C,34,45.27,1539.18
West,Gadget X,34,39.05,1327.7
East,Gadget X,76,26.32,2000.32
East,Widget C,77,47.75,3676.75
North,Gadget X,10,31.01,310.1
South,Widget D,76,39.72,3018.72
West,Widget D,68,35.14,2389.52
West,Widget C,40,31.72,1268.8
South,Gadget X,63,44.8,2822.4
South,Widget C,96,35.65,3422.4
Central,Widget D,13,21.41,278.33
East,Gadget X,94,16.03,1506.82
North,Gadget X,61,20.72,1263.92
South,Widget D,71,26.55,1885.05
North,Widget D,16,18.28,292.48
West,Widget A,5,30.72,153.6
North,Gadget X,62,28.87,1789.94
North,Widget C,41,20.56,842.96
North,Widget D,72,49.76,3582.72
West,Widget A,68,30.87,2099.16
North,Widget C,66,12.82,846.12
West,Gadget X,80,30.72,2457.6
East,Widget D,75,22.11,1658.25
East,Widget C,96,18.01,1728.96
East,Gadget X,14,29.06,406.84
East,Widget C,71,43.24,3070.04
South,Gadget X,18,38.32,689.76
East,Widget A,88,33.83,2977.04
East,Widget D,37,19.47,720.39
North,Gadget X,81,29.59,2396.79
South,Gadget X,12,41.05,492.6
West,Widget D,89,39.32,3499.48
Central,Gadget X,51,42.33,2158.83
West,Widget D,13,41.73,542.49
South,Gadget X,50,12.23,611.5
North,Gadget X,70,21.23,1486.1
North,Widget C,84,48.46,4070.64
East,Widget C,64,29.71,1901.44
East,Widget A,83,43.43,3604.69
Central,Widget C,18,25.91,466.38
West,Widget C,56,20.61,1154.16
West,Widget B,97,15.46,1499.62
West,Widget A,69,35.43,2444.67
East,Widget C,20,17.48,349.6
West,Widget A,69,10.49,723.81
West,Widget A,88,22.65,1993.2
South,Widget D,28,46.83,1311.24
West,Widget C,28,15.14,423.92
West,Widget C,89,48.81,4344.09
South,Widget B,48,26.17,1256.16
North,Widget A,97,33.44,3243.68
Central,Gadget X,54,46.09,2488.86
North,Widget D,82,27.78,2277.96
North,Widget D,60,16.27,976.2
West,Widget B,46,49.68,2285.28
East,Widget B,75,15.51,1163.25
South,Widget B,33,36.63,1208.79
South,Widget B,99,46.99,4652.01
West,Widget A,52,43.87,2281.24
South,Widget D,16,30.73,491.68
South,Widget B,2,22.68,45.36
North,Widget D,3,37.73,113.19
West,Widget A,1,13.52,13.52
North,Widget C,92,35.05,3224.6
West,Gadget X,7,20.58,144.06
East,Widget B,72,11.51,828.72
East,Gadget X,34,33.5,1139.0
South,Widget A,59,46.46,2741.14
South,Widget C,100,17.89,1789.0
North,Widget D,40,11.14,445.6
West,Widget D,52,46.57,2421.64
East,Widget D,25,44.94,1123.5
South,Widget B,66,27.87,1839.42
East,Gadget X,79,23.27,1838.33
East,Widget D,64,37.16,2378.24
Central,Widget D,11,26.1,287.1
North,Gadget X,29,25.93,751.97
North,Widget A,58,37.97,2202.26
East,Gadget X,99,31.21,3089.79
Central,Widget D,40,38.57,1542.8
West,Widget C,36,48.67,1752.12
North,Widget D,9,30.2,271.8
West,Widget D,80,36.4,2912.0
Central,Widget C,25,23.98,599.5
South,Widget D,44,17.37,764.28
North,Widget D,5,37.08,185.4
East,Widget A,58,32.87,1906.46
Central,Gadget X,38,38.09,1447.42
North,Widget A,60,45.42,2725.2
Central,Gadget X,52,28.37,1475.24
North,Widget C,100,35.25,3525.0
West,Widget D,47,13.99,657.53
East,Widget D,97,30.17,2926.49
East,Widget C,39,11.15,434.85
North,Widget B,98,22.89,2243.22
West,Widget D,90,40.78,3670.2
East,Widget B,32,11.64,372.48
East,Widget A,19,22.77,432.63
West,Widget D,68,21.76,1479.68
East,Widget D,21,43.69,917.49
North,Widget A,62,28.09,1741.58
South,Gadget X,59,14.05,828.95
Central,Widget D,52,28.3,1471.6
North,Widget C,93,14.08,1309.44
East,Widget B,14,17.63,246.82
South,Widget C,82,27.75,2275.5
East,Gadget X,67,39.2,2626.4
North,Widget B,63,27.14,1709.82
West,Widget C,69,25.1,1731.9
North,Widget D,59,38.39,2265.01
South,Gadget X,16,31.03,496.48
South,Widget C,97,29.0,2813.0
East,Gadget X,36,17.62,634.32
South,Widget C,89,30.92,2751.88
Central,Widget C,8,11.36,90.88
South,Gadget X,91,35.11,3195.01
South,Widget A,42,38.5,1617.0
East,Widget A,96,13.93,1337.28
North,Gadget X,98,39.7,3890.6
West,Widget A,51,15.66,798.66
West,Widget A,88,45.51,4004.88
West,Widget A,65,21.92,1424.8
South,Widget A,44,24.63,1083.72
East,Widget D,13,10.46,135.98
West,Widget A,81,48.95,3964.95
West,Widget A,77,34.1,2625.7
West,Widget B,92,17.28,1589.76
East,Widget A,76,44.59,3388.84
North,Gadget X,50,11.9,595.0
North,Gadget X,61,46.69,2848.09
West,Gadget X,81,32.61,2641.41
Central,Widget B,93,14.31,1330.83
East,Widget D,95,26.22,2490.9
West,Widget D,67,35.63,2387.21
South,Widget D,37,44.56,1648.72
East,Widget C,30,19.4,582.0
North,Gadget X,68,41.89,2848.52
North,Widget D,57,31.61,1801.77
South,Gadget X,71,12.25,869.75
East,Widget C,56,26.3,1472.8
North,Widget A,51,37.58,1916.58
East,Widget D,33,43.91,1449.03
West,Widget A,47,33.25,1562.75
South,Gadget X,5,44.89,224.45
South,Widget B,64,41.02,2625.28
West,Widget A,50,35.09,1754.5
West,Gadget X,80,36.67,2933.6
North,Widget B,98,12.07,1182.86
West,Widget D,39,11.95,466.05
West,Widget D,48,40.52,1944.96
Central,Widget D,36,10.99,395.64
West,Gadget X,82,35.63,2921.66
South,Widget D,56,18.3,1024.8
East,Widget D,43,22.09,949.87
South,Widget D,55,47.43,2608.65
Central,Widget C,60,10.46,627.6
West,Widget C,25,22.0,550.0
West,Widget B,72,16.55,1191.6
South,Gadget X,66,34.94,2306.04
Central,Widget A,63,35.81,2256.03
North,Widget C,49,42.45,2080.05
West,Widget A,7,48.2,337.4
East,Gadget X,50,23.9,1195.0
North,Widget B,11,45.49,500.39
South,Widget A,66,24.27,1601.82
West,Widget A,85,20.94,1779.9
North,Gadget X,98,36.19,3546.62
North,Gadget X,96,20.27,1945.92
Central,Widget D,10,21.83,218.3
North,Gadget X,95,10.98,1043.1
South,Widget D,93,10.17,945.81
North,Widget C,39,46.59,1817.01
Central,Widget B,72,10.97,789.84
Central,Widget D,56,19.95,1117.2
South,Widget C,55,41.72,2294.6
Central,Widget B,59,16.64,981.76
Central,Widget D,19,10.61,201.59
Central,Widget A,65,33.1,2151.5
North,Widget A,26,12.39,322.14
East,Widget C,20,20.72,414.4
West,Gadget X,84,13.49,1133.16
West,Widget A,94,38.85,3651.9
South,Gadget X,41,10.19,417.79
Central,Widget C,8,39.19,313.52
North,Widget C,15,25.09,376.35
West,Gadget X,9,15.21,136.89
South,Widget C,77,11.89,915.53
West,Widget D,33,27.83,918.39
Central,Widget C,86,46.58,4005.88
West,Widget D,78,24.46,1907.88
South,Widget D,72,36.11,2599.92
North,Gadget X,1,29.79,29.79
Central,Widget D,90,47.55,4279.5
East,Widget B,80,35.83,2866.4
Central,Widget B,93,31.2,2901.6
West,Widget D,64,33.5,2144.0
East,Widget D,18,22.36,402.48
West,Gadget X,96,13.14,1261.44
South,Gadget X,23,48.62,1118.26
West,Widget A,87,27.89,2426.43
North,Gadget X,27,12.02,324.54
